데이터 시간,시리얼번호,미세먼지 (㎍/㎥),초미세먼지 (㎍/㎥),이산화탄소 (ppm),휘발성유기화합물 (ppb),온도(℃),습도(%),소음(dB),통합실내지수
2024-05-02 10:36,ICW0W2100481,32,13,881,6000,23.8,41,70,71
2024-03-14 09:08,ICW0W2100587,55,20,392,6000,24.8,23,69,62
2024-05-02 10:36,ICW0W2100582,36,13,678,217,25.2,33,78,88
2024-05-02 10:36,ICW0W2100579,9,3,0,976,26.9,27,61,79
2024-05-02 10:40,ICW0W2100562,24,12,819,522,26.4,31,80,83
2024-05-02 10:36,ICW0W2100560,12,4,656,6000,23.7,34,58,68
2024-05-02 10:36,ICW0W2100549,19,7,376,41,25.8,30,65,95
2024-05-02 10:36,ICW0W2100509,15,5,104,2873,23.3,36,71,80
2024-05-02 10:36,ICW0W2100506,1,0,92,14,33.6,21,57,92
2024-05-02 10:36,ICW0W2100499,25,9,657,75,25.0,33,78,92
2024-03-19 13:26,ICW0W2100498,36,13,1781,645,24.5,41,86,77
2024-04-30 13:06,ICW0W2100497,45,17,639,36,25.2,34,63,90
2024-05-02 10:42,ICW0W2100491,31,17,784,1933,26.3,33,75,70
2024-04-30 11:47,ICW0W2100489,17,7,227,19,23.6,42,73,100
2024-04-29 13:56,ICW0W2100488,17,6,514,74,23.6,27,70,97
2024-04-29 17:13,ICW0W2100485,142,39,707,0,25.5,37,68,80
2024-05-02 10:37,ICW0W2100479,23,9,399,20,24.7,32,65,94
2024-05-02 10:36,ICW0W2100467,11,4,,6000,25.7,36,79,63
2024-02-17 23:27,ICW0W2100466,24,9,516,366,19.9,31,55,92
2024-03-18 14:19,ICW0W2100463,33,10,791,935,22.7,21,71,77
2024-05-02 10:36,ICW0W2100462,39,15,337,77,23.1,33,61,95
2024-05-02 10:36,ICW0W2100460,28,10,409,0,22.7,36,74,100
2024-02-27 19:25,ICW0W2100459,83,34,514,44,19.9,26,66,88
2024-02-28 10:22,ICW0W2100457,12,4,1423,123,18.1,35,67,86
2024-05-02 10:36,ICW0W2100455,16,5,636,691,25.6,36,65,86
2024-05-02 10:36,ICW0W2001000,14,9,82,41,24.5,34,67,96
2024-05-02 10:36,ICW0W2000996,34,32,395,9478,22.4,35,65,61
2024-05-02 10:36,ICW0W2000991,20,13,423,31,20.8,36,55,100
2024-02-20 14:27,ICW0W2000990,3,2,1052,6645,21.0,34,63,71
2024-05-02 10:36,ICW0W2000987,3,2,,227,22.9,35,58,100
2024-05-02 10:36,ICW0W2000983,37,23,34,69,21.6,39,82,99
2024-05-02 10:36,ICW0W2000978,24,15,379,25,22.6,32,43,96
2024-05-02 10:36,ICW0W2000977,23,14,637,120,24.1,36,72,95
2024-05-02 10:36,ICW0W2000974,25,15,819,88,20.8,42,73,100
2024-05-02 10:36,ICW0W2000973,24,14,548,544,22.5,37,69,90
2024-05-02 10:36,ICW0W2000972,29,18,459,8,19.6,35,50,99
2024-05-02 10:36,ICW0W2000968,21,13,427,44,28.3,25,64,89
2024-05-02 10:36,ICW0W2000964,22,14,549,120,22.1,34,71,94
2024-05-02 10:36,ICW0W2000956,21,12,1275,625,21.4,46,56,86
2024-05-02 10:36,ICW0W2000955,25,17,555,134,20.4,38,64,97
2024-04-30 19:50,ICW0W2000951,27,8,590,2083,26.3,42,54,79
2024-04-03 16:18,ICW0W2000944,4,2,1156,4964,23.3,44,83,79
2024-05-02 10:36,ICW0W2000933,25,8,365,14,23.2,35,57,100
2024-05-02 10:36,ICW0W2000926,12,4,219,342,29.0,34,55,89
2024-05-02 10:36,ICW0W2000924,16,5,494,12,24.7,35,71,99
2024-05-02 10:36,ICW0W2000922,19,6,618,113,24.9,40,67,100
2024-05-02 10:36,V01T1623130,28,13,531,165,23.0,42,38,100
2024-05-02 10:36,V01T1623129,45,20,599,125,26.2,33,44,89
2024-05-02 10:36,V01T1623123,8,4,504,135,25.9,31,30,94
2024-03-13 15:23,V01T1623121,55,24,426,132,18.0,22,43,92
2024-05-02 10:35,V01T1623118,1,1,566,152,22.3,38,45,100
2024-03-29 08:06,V01T1623117,177,49,522,133,19.8,26,46,74
2024-05-02 09:20,V01T1623116,15,7,2500,125,24.7,35,34,78
2024-05-02 10:36,V01T1623113,7,3,444,130,26.1,30,30,95
2024-05-02 10:36,V01T1623112,29,13,573,152,26.5,33,46,90
2024-05-02 10:36,V01T1623109,7,3,2362,125,18.7,53,42,86
2024-05-02 10:36,V01T1623108,36,17,656,139,23.8,36,30,96
2024-05-02 10:36,V01T1623105,20,10,467,125,22.9,39,30,100
2024-05-02 10:36,V01T1623102,1,1,576,125,25.4,30,31,95
2024-04-23 11:36,V01T1623100,53,23,527,125,24.7,39,42,92
2024-05-02 10:36,ICW0W2000512,23,9,934,607,19.3,46,72,91
2024-05-02 10:36,ICW0W2000507,5,3,736,26,24.7,39,58,99
2024-05-02 10:36,ICW0W2000505,13,5,422,25,22.6,37,59,100
2024-05-02 10:36,ICW0W2000503,10,3,527,191,22.5,40,46,100
2024-05-02 10:36,ICW0W2000501,13,5,451,1,21.6,39,67,100
2024-05-02 10:36,ICW0W2000500,9,5,2500,353,25.7,37,60,76
2024-05-02 10:36,ICW0W2000459,26,9,666,14,23.2,38,64,100
2024-05-02 10:36,ICW0W2000455,23,8,88,110,21.1,40,71,100
2024-05-02 10:36,ICW0W2000447,11,2,414,125,21.3,40,48,100
2024-05-02 10:36,ICW0W2000398,28,10,361,17,22.5,36,60,100
2024-03-31 18:00,ICW0W2000388,4,1,418,150,18.2,34,47,99
2024-03-21 16:09,ICW0W2000382,16,5,500,0,23.3,20,63,98
2024-01-15 14:01,ICW0W2000381,8,2,2500,123,26.0,15,53,72
2024-05-02 10:36,ICW0W2000380,29,10,542,5773,21.7,42,62,74
2024-03-13 08:57,ICW0W2000373,68,18,521,107,15.3,34,69,84
2024-05-02 10:36,ICW0W2000287,13,4,696,47,22.7,38,51,100
2023-12-01 13:35,ICW0W2000285,23,4,921,1027,14.7,22,61,70
2024-05-02 10:36,ICW0W2000275,5,2,599,279,23.9,41,52,100
2024-02-27 11:02,ICW0W2000263,15,3,430,42,20.9,24,65,99
2024-05-02 10:36,ICW0W2000262,23,7,543,55,23.8,39,54,100
2024-05-02 10:36,ICW0W2000248,5,1,2067,170,23.3,37,66,83
2024-05-02 10:35,ICW0W2100481,33,13,878,6000,23.8,41,70,71
2024-03-14 09:08,ICW0W2100587,55,20,392,6000,24.8,23,69,62
2024-05-02 10:35,ICW0W2100582,37,13,708,222,25.2,33,78,88
2024-05-02 10:35,ICW0W2100579,9,3,0,807,26.9,27,64,83
2024-05-02 10:39,ICW0W2100562,25,12,809,512,26.4,31,70,83
2024-05-02 10:35,ICW0W2100560,12,5,641,6000,23.7,34,59,68
2024-04-29 13:56,ICW0W2100488,17,6,514,74,23.6,27,70,97
2024-05-02 11:36,ICW0W2100506,1,0,97,13,32.3,22,60,92
2024-03-14 09:08,ICW0W2100587,55,20,392,6000,24.8,23,69,62
2024-05-02 11:36,ICW0W2100582,35,13,609,119,25.0,34,84,90
2024-05-02 11:36,ICW0W2100579,12,4,0,601,27.4,26,59,82
2024-05-02 11:40,ICW0W2100562,24,13,683,302,27.0,29,82,88
2024-05-02 11:36,ICW0W2100560,21,7,539,6000,23.7,32,57,67
2024-05-02 11:36,ICW0W2100549,38,15,354,19,24.6,28,69,92
2024-05-02 11:36,ICW0W2100509,18,6,110,4864,23.7,35,73,76
2024-05-02 11:36,ICW0W2100499,28,10,466,404,24.3,31,76,87
2024-03-19 13:26,ICW0W2100498,36,13,1781,645,24.5,41,86,77
2024-04-30 13:06,ICW0W2100497,45,17,639,36,25.2,34,63,90
2024-05-02 11:42,ICW0W2100491,13,7,532,2123,26.8,27,65,73
2024-04-29 17:13,ICW0W2100485,142,39,707,0,25.5,37,68,80
2024-05-02 11:36,ICW0W2100481,29,11,696,631,23.6,38,77,88
2024-05-02 11:37,ICW0W2100479,20,7,510,29,25.5,30,61,94
2024-04-30 11:47,ICW0W2100489,17,7,227,19,23.6,42,73,100
2024-05-02 11:36,ICW0W2100467,14,5,,6000,25.9,31,68,59
2024-02-17 23:27,ICW0W2100466,24,9,516,366,19.9,31,55,92
2024-03-18 14:19,ICW0W2100463,33,10,791,935,22.7,21,71,77
2024-05-02 11:36,ICW0W2100462,15,5,87,4588,24.4,37,62,74
2024-05-02 11:36,ICW0W2100460,32,12,484,0,23.1,40,76,100
2024-02-27 19:25,ICW0W2100459,83,34,514,44,19.9,26,66,88
2024-02-28 10:22,ICW0W2100457,12,4,1423,123,18.1,35,67,86
2024-05-02 11:36,ICW0W2100455,18,6,850,1264,25.7,39,69,78
2024-05-02 11:36,ICW0W2000512,20,8,927,6000,14.3,55,71,66
2024-05-02 11:36,ICW0W2001000,15,10,256,61,26.2,33,55,95
2024-02-27 11:02,ICW0W2000263,15,3,430,42,20.9,24,65,99
2024-04-30 19:50,ICW0W2000951,27,8,590,2083,26.3,42,54,79
2024-05-02 11:36,ICW0W2000956,28,16,1282,2763,21.6,46,62,77
2024-05-02 11:36,ICW0W2000996,24,23,383,906,22.6,34,55,79
2024-05-02 11:36,ICW0W2000991,29,20,392,20,21.0,33,56,95
2024-02-20 14:27,ICW0W2000990,3,2,1052,6645,21.0,34,63,71
2024-05-02 11:36,ICW0W2000983,23,15,17,128,22.4,38,77,100
2024-05-02 11:36,ICW0W2000955,26,18,546,183,20.9,36,63,97
2024-05-02 11:36,ICW0W2000987,5,3,,215,23.1,35,58,100
2024-05-02 11:36,ICW0W2000978,26,16,350,24,23.3,31,52,96
2024-05-02 11:36,ICW0W2000922,18,5,661,63,25.3,37,70,97
2024-05-02 11:36,ICW0W2000926,13,4,133,275,29.0,33,53,90
2024-05-02 11:36,ICW0W2000977,25,15,480,106,24.8,33,63,92
2024-05-02 11:36,ICW0W2000933,27,8,543,38,23.6,35,68,100
2024-03-13 08:57,ICW0W2000373,68,18,521,107,15.3,34,69,84
2024-05-02 11:36,ICW0W2000973,17,11,442,74,22.7,35,82,100
2024-05-02 11:36,ICW0W2000972,27,18,454,12,20.5,32,50,95
2024-05-02 11:36,ICW0W2000968,16,11,514,1376,28.2,26,78,70
2024-04-03 16:18,ICW0W2000944,4,2,1156,4964,23.3,44,83,79
2024-05-02 11:36,ICW0W2000964,29,17,522,77,22.7,31,74,94
2024-05-02 11:36,ICW0W2000924,14,4,631,51,25.0,36,82,98
2024-05-02 11:36,ICW0W2000505,19,7,395,188,23.2,36,61,100
2024-04-23 11:36,V01T1623100,53,23,527,125,24.7,39,42,92
2024-05-02 11:36,V01T1623130,8,4,502,134,23.6,35,36,100
2024-05-02 11:36,V01T1623129,38,17,679,127,27.1,32,36,85
2024-05-02 11:36,V01T1623123,24,11,508,128,26.2,31,35,92
2024-03-13 15:23,V01T1623121,55,24,426,132,18.0,22,43,92
2024-05-02 11:35,V01T1623118,1,1,510,126,23.0,35,33,100
2024-03-29 08:06,V01T1623117,177,49,522,133,19.8,26,46,74
2024-05-02 11:24,V01T1623116,39,18,2500,130,25.2,29,44,71
2024-05-02 11:36,V01T1623113,14,7,505,157,26.5,29,50,93
2024-05-02 11:36,V01T1623112,23,11,494,161,26.6,31,45,92
2024-05-02 11:36,V01T1623109,13,6,2224,135,18.7,54,42,85
2024-05-02 11:36,V01T1623108,41,19,856,164,25.2,34,41,87
2024-05-02 11:36,V01T1623105,43,19,469,197,23.1,37,30,96
2024-05-02 11:36,V01T1623102,11,5,566,126,25.4,29,31,94
2024-05-02 11:36,ICW0W2000503,4,1,602,294,22.8,40,48,100
2024-05-02 11:36,ICW0W2000455,27,10,60,86,20.3,40,72,100
2024-05-02 11:36,ICW0W2000447,37,9,386,104,21.6,39,52,99
2024-05-02 11:36,ICW0W2000459,24,8,714,64,23.7,36,61,99
2024-05-02 11:36,ICW0W2000507,6,3,863,184,25.0,39,53,96
2024-05-02 11:33,ICW0W2000501,16,6,424,22,21.9,39,56,100
2024-05-02 11:36,ICW0W2000500,12,6,2500,147,27.1,34,61,70
2024-05-02 11:36,ICW0W2000380,21,7,397,236,21.8,38,50,99
2024-05-02 11:36,ICW0W2000275,10,2,605,192,24.1,40,50,100
2024-03-31 18:00,ICW0W2000388,4,1,418,150,18.2,34,47,99
2024-01-15 14:01,ICW0W2000381,8,2,2500,123,26.0,15,53,72
2024-03-21 16:09,ICW0W2000382,16,5,500,0,23.3,20,63,98
2023-12-01 13:35,ICW0W2000285,23,4,921,1027,14.7,22,61,70
2024-05-02 11:36,ICW0W2000287,15,5,809,39,23.0,37,52,100
2024-05-02 11:36,ICW0W2000398,28,10,335,18,23.2,33,62,97
2024-05-02 11:36,ICW0W2000974,29,18,625,55,21.0,38,71,98
2024-05-02 11:36,ICW0W2000248,10,2,2056,372,23.1,38,64,81
2024-05-02 11:36,ICW0W2000262,22,6,542,40,23.9,36,69,100
2024-04-29 13:56,ICW0W2100488,17,6,514,74,23.6,27,70,97
2024-05-02 11:35,ICW0W2100506,1,0,103,13,32.3,22,60,92
2024-03-14 09:08,ICW0W2100587,55,20,392,6000,24.8,23,69,62
2024-05-02 11:35,ICW0W2100582,36,13,608,123,25.0,33,80,90
2024-05-02 11:35,ICW0W2100579,13,5,0,610,27.4,26,58,82
2024-05-02 11:39,ICW0W2100562,22,12,648,253,27.0,28,84,89
2024-04-29 13:56,ICW0W2100488,17,6,514,74,23.6,27,70,97
2024-05-02 12:36,ICW0W2100506,22,8,95,16,32.1,21,54,89
2024-03-14 09:08,ICW0W2100587,55,20,392,6000,24.8,23,69,62
2024-05-02 12:36,ICW0W2100582,47,18,577,37,25.3,32,64,90
2024-05-02 12:36,ICW0W2100579,19,7,0,297,27.9,25,64,89
2024-05-02 12:40,ICW0W2100562,32,17,657,682,27.6,26,58,75
2024-05-02 12:36,ICW0W2100560,25,9,554,6000,24.0,30,58,66
2024-05-02 12:36,ICW0W2100549,56,22,374,22,25.1,28,70,91
2024-05-02 12:36,ICW0W2100509,21,7,247,4718,24.1,36,77,72
2024-05-02 12:36,ICW0W2100499,46,18,444,33,24.4,31,72,91
2024-03-19 13:26,ICW0W2100498,36,13,1781,645,24.5,41,86,77
2024-04-30 13:06,ICW0W2100497,45,17,639,36,25.2,34,63,90
2024-05-02 12:42,ICW0W2100491,27,15,493,7016,27.3,26,59,57
2024-04-29 17:13,ICW0W2100485,142,39,707,0,25.5,37,68,80
2024-05-02 12:36,ICW0W2100481,41,16,947,1495,23.9,42,60,80
2024-05-02 12:37,ICW0W2100479,35,13,453,40,25.3,31,70,92
2024-04-30 11:47,ICW0W2100489,17,7,227,19,23.6,42,73,100
2024-05-02 12:36,ICW0W2100467,21,7,,6000,25.9,31,67,58
2024-02-17 23:27,ICW0W2100466,24,9,516,366,19.9,31,55,92
2024-03-18 14:19,ICW0W2100463,33,10,791,935,22.7,21,71,77
2024-05-02 12:36,ICW0W2100462,41,15,347,115,24.5,29,75,91
2024-05-02 12:36,ICW0W2100460,21,8,989,0,23.6,44,77,100
2024-02-27 19:25,ICW0W2100459,83,34,514,44,19.9,26,66,88
2024-02-28 10:22,ICW0W2100457,12,4,1423,123,18.1,35,67,86
2024-05-02 12:36,ICW0W2100455,21,7,1335,2959,26.4,39,65,71
2024-05-02 12:36,ICW0W2000512,33,13,716,6000,23.5,39,68,69
2024-05-02 12:36,ICW0W2001000,18,11,680,91,24.3,37,61,96
2024-02-27 11:02,ICW0W2000263,15,3,430,42,20.9,24,65,99
2024-04-30 19:50,ICW0W2000951,27,8,590,2083,26.3,42,54,79
2024-05-02 12:35,ICW0W2000956,23,14,1298,2541,21.8,46,56,77
2024-05-02 12:36,ICW0W2000996,28,27,330,30,22.7,31,59,95
2024-05-02 12:36,ICW0W2000991,35,23,442,372,21.6,34,62,90
2024-02-20 14:27,ICW0W2000990,3,2,1052,6645,21.0,34,63,71
2024-05-02 12:36,ICW0W2000983,38,24,7,339,22.5,37,52,96
2024-05-02 12:36,ICW0W2000955,29,19,654,355,21.1,39,63,94
2024-05-02 12:36,ICW0W2000987,20,13,,272,23.2,35,58,97
2024-05-02 12:36,ICW0W2000978,45,28,309,22,22.9,29,51,94
2024-05-02 12:36,ICW0W2000922,25,8,648,135,25.9,38,71,96
2024-05-02 12:36,ICW0W2000926,14,4,225,458,29.1,33,52,84
2024-05-02 12:36,ICW0W2000977,31,20,492,295,24.9,32,60,88
2024-05-02 12:36,ICW0W2000933,39,12,480,106,24.4,34,71,91
2024-03-13 08:57,ICW0W2000373,68,18,521,107,15.3,34,69,84
2024-05-02 12:36,ICW0W2000973,27,18,387,22,22.8,33,59,96
2024-05-02 12:36,ICW0W2000972,47,29,785,215,22.2,33,72,88
2024-05-02 12:36,ICW0W2000968,30,20,455,30,29.0,23,61,88
2024-04-03 16:18,ICW0W2000944,4,2,1156,4964,23.3,44,83,79
2024-05-02 12:36,ICW0W2000964,29,19,604,234,22.7,32,68,91
2024-05-02 12:36,ICW0W2000924,28,9,519,21,25.2,33,62,93
2024-05-02 12:36,ICW0W2000505,42,15,477,120,23.1,37,62,97
2024-04-23 11:36,V01T1623100,53,23,527,125,24.7,39,42,92
2024-05-02 12:36,V01T1623130,26,12,523,126,23.9,34,40,94
2024-05-02 12:36,V01T1623129,14,7,612,312,27.5,30,38,86
2024-05-02 12:36,V01T1623123,34,16,511,125,26.1,31,30,90
2024-03-13 15:23,V01T1623121,55,24,426,132,18.0,22,43,92
2024-05-02 12:35,V01T1623118,50,22,1359,399,24.2,43,37,81
2024-03-29 08:06,V01T1623117,177,49,522,133,19.8,26,46,74
2024-05-02 11:24,V01T1623116,39,18,2500,130,25.2,29,44,71
2024-05-02 12:36,V01T1623113,32,15,794,392,26.9,31,51,86
2024-05-02 12:36,V01T1623112,28,13,679,286,26.9,30,44,88
2024-05-02 12:36,V01T1623109,34,16,2189,125,18.5,52,41,82
2024-05-02 12:36,V01T1623108,32,15,971,277,25.1,34,38,86
2024-05-02 12:36,V01T1623105,48,21,473,125,23.3,32,30,92
2024-05-02 12:36,V01T1623102,8,4,564,125,25.5,29,32,94
2024-05-02 12:36,ICW0W2000503,5,2,633,359,23.0,39,46,98
2024-05-02 12:36,ICW0W2000455,34,13,74,147,21.6,36,63,100
2024-05-02 12:36,ICW0W2000447,61,17,453,103,21.8,38,52,96
2024-05-02 12:36,ICW0W2000459,29,10,760,32,24.0,36,62,99
2024-05-02 12:36,ICW0W2000507,6,3,973,439,25.4,39,48,90
2024-05-02 12:36,ICW0W2000501,27,10,446,6000,21.3,43,68,74
2024-05-02 12:36,ICW0W2000500,20,11,2500,206,27.8,33,61,68
2024-05-02 12:36,ICW0W2000380,36,13,373,116,22.5,38,53,99
2024-05-02 12:36,ICW0W2000275,13,4,895,310,24.4,40,54,97
2024-03-31 18:00,ICW0W2000388,4,1,418,150,18.2,34,47,99
2024-01-15 14:01,ICW0W2000381,8,2,2500,123,26.0,15,53,72
2024-03-21 16:09,ICW0W2000382,16,5,500,0,23.3,20,63,98
2023-12-01 13:35,ICW0W2000285,23,4,921,1027,14.7,22,61,70
2024-05-02 12:36,ICW0W2000287,21,7,849,62,23.3,37,54,99
2024-05-02 12:36,ICW0W2000398,43,16,357,51,23.9,32,59,95
2024-05-02 12:36,ICW0W2000974,18,11,1289,150,21.2,41,72,91
2024-05-02 12:36,ICW0W2000248,6,2,1808,242,23.3,37,64,83
2024-05-02 12:36,ICW0W2000262,33,10,449,36,23.6,35,61,100
2024-04-29 13:56,ICW0W2100488,17,6,514,74,23.6,27,70,97
2024-05-02 12:35,ICW0W2100506,23,8,91,16,32.1,21,55,89
2024-03-14 09:08,ICW0W2100587,55,20,392,6000,24.8,23,69,62
2024-05-02 12:35,ICW0W2100582,48,18,556,34,25.3,32,63,90
2024-05-02 12:35,ICW0W2100579,20,7,0,293,27.9,25,63,89
2024-05-02 12:39,ICW0W2100562,31,17,654,576,27.6,26,59,77
2024-05-02 13:36,ICW0W2100481,63,25,1890,166,25.9,50,61,78
2024-03-14 09:08,ICW0W2100587,55,20,392,6000,24.8,23,69,62
2024-05-02 13:36,ICW0W2100582,44,16,433,7,25.1,29,57,92
2024-05-02 13:36,ICW0W2100579,14,5,0,227,28.2,25,65,91
2024-05-02 13:40,ICW0W2100562,26,13,601,1363,28.0,24,56,69
2024-05-02 13:36,ICW0W2100560,34,13,528,5984,24.0,30,57,65
2024-05-02 13:36,ICW0W2100549,37,14,385,5,25.3,24,70,93
2024-05-02 13:36,ICW0W2100509,47,18,105,6000,24.3,26,63,63
2024-05-02 13:36,ICW0W2100506,33,13,94,18,32.6,19,54,84
2024-05-02 13:36,ICW0W2100499,14,5,857,709,25.2,33,69,81
2024-03-19 13:26,ICW0W2100498,36,13,1781,645,24.5,41,86,77
2024-04-30 13:06,ICW0W2100497,45,17,639,36,25.2,34,63,90
2024-05-02 13:42,ICW0W2100491,27,15,777,5230,27.8,25,70,59
2024-04-30 11:47,ICW0W2100489,17,7,227,19,23.6,42,73,100
2024-04-29 13:56,ICW0W2100488,17,6,514,74,23.6,27,70,97
2024-04-29 17:13,ICW0W2100485,142,39,707,0,25.5,37,68,80
2024-05-02 13:37,ICW0W2100479,28,10,376,22,25.0,29,57,94
2024-05-02 13:36,ICW0W2100467,18,7,,6000,25.7,29,67,58
2024-02-17 23:27,ICW0W2100466,24,9,516,366,19.9,31,55,92
2024-03-18 14:19,ICW0W2100463,33,10,791,935,22.7,21,71,77
2024-05-02 13:36,ICW0W2100462,11,4,48,506,25.3,34,66,88
2024-05-02 13:36,ICW0W2100460,19,7,774,0,23.4,40,57,100
2024-02-27 19:25,ICW0W2100459,83,34,514,44,19.9,26,66,88
2024-02-28 10:22,ICW0W2100457,12,4,1423,123,18.1,35,67,86
2024-05-02 13:36,ICW0W2100455,25,9,489,903,25.4,30,61,77
2024-05-02 13:36,ICW0W2001000,22,14,796,114,23.9,37,58,97
2024-05-02 13:36,ICW0W2000996,32,32,378,36,23.0,31,67,93
2024-05-02 13:36,ICW0W2000991,28,18,420,42,21.7,32,58,95
2024-02-20 14:27,ICW0W2000990,3,2,1052,6645,21.0,34,63,71
2024-05-02 13:36,ICW0W2000987,10,6,,294,23.4,36,67,100
2024-05-02 13:36,ICW0W2000983,30,19,60,291,21.8,35,52,97
2024-05-02 13:36,ICW0W2000978,39,25,305,17,23.2,28,46,94
2024-05-02 13:36,ICW0W2000977,33,22,493,76,25.1,32,62,90
2024-05-02 13:36,ICW0W2000974,9,6,1680,229,21.3,46,63,85
2024-05-02 13:36,ICW0W2000973,19,12,469,142,23.0,35,51,99
2024-05-02 13:36,ICW0W2000972,43,27,811,137,22.1,33,65,90
2024-05-02 13:36,ICW0W2000968,17,12,667,291,29.9,24,62,85
2024-05-02 13:36,ICW0W2000964,31,20,575,423,23.4,31,55,87
2024-05-02 13:36,ICW0W2000956,20,13,1357,2698,22.0,46,69,76
2024-05-02 13:36,ICW0W2000955,24,16,588,285,21.3,36,64,95
2024-04-30 19:50,ICW0W2000951,27,8,590,2083,26.3,42,54,79
2024-04-03 16:18,ICW0W2000944,4,2,1156,4964,23.3,44,83,79
2024-05-02 13:36,ICW0W2000933,27,8,865,248,24.2,36,55,93
2024-05-02 13:36,ICW0W2000926,6,2,1160,1380,29.9,40,53,77
2024-05-02 13:36,ICW0W2000924,21,7,745,36,25.3,33,79,93
2024-05-02 13:36,ICW0W2000922,26,8,588,51,25.8,36,65,97
2024-05-02 13:36,V01T1623130,31,14,545,206,24.0,31,30,92
2024-05-02 13:36,V01T1623129,47,21,604,188,27.9,30,34,84
2024-05-02 13:36,V01T1623123,3,1,504,136,26.4,30,36,95
2024-03-13 15:23,V01T1623121,55,24,426,132,18.0,22,43,92
2024-05-02 13:35,V01T1623118,1,1,624,148,23.9,34,37,98
2024-03-29 08:06,V01T1623117,177,49,522,133,19.8,26,46,74
2024-05-02 13:36,V01T1623116,28,13,2362,180,25.9,32,34,72
2024-05-02 13:36,V01T1623113,4,2,660,126,27.1,29,51,90
2024-05-02 13:36,V01T1623112,10,5,682,138,27.0,31,44,93
2024-05-02 13:36,V01T1623109,5,2,2362,145,18.5,53,39,86
2024-05-02 13:36,V01T1623108,38,17,1400,184,25.9,39,37,80
2024-05-02 13:36,V01T1623105,37,17,530,137,23.7,34,55,93
2024-05-02 13:36,V01T1623102,41,19,763,128,26.7,24,48,88
2024-04-23 11:36,V01T1623100,53,23,527,125,24.7,39,42,92
2024-05-02 13:36,ICW0W2000512,44,17,528,96,23.7,35,73,97
2024-05-02 13:36,ICW0W2000507,5,3,988,544,25.7,39,62,88
2024-05-02 13:36,ICW0W2000505,27,10,389,19,22.9,33,59,97
2024-05-02 13:36,ICW0W2000503,10,3,614,266,23.2,38,54,99
2024-05-02 13:36,ICW0W2000501,22,8,453,247,22.5,36,55,98
2024-05-02 13:36,ICW0W2000500,14,7,2500,722,28.2,32,60,66
2024-05-02 13:36,ICW0W2000459,28,10,896,41,24.0,36,63,98
2024-05-02 13:36,ICW0W2000455,29,11,65,200,22.4,34,58,96
2024-05-02 13:36,ICW0W2000447,49,14,452,101,21.9,38,54,98
2024-05-02 13:36,ICW0W2000398,31,11,346,26,24.3,30,60,93
2024-03-31 18:00,ICW0W2000388,4,1,418,150,18.2,34,47,99
2024-03-21 16:09,ICW0W2000382,16,5,500,0,23.3,20,63,98
2024-01-15 14:01,ICW0W2000381,8,2,2500,123,26.0,15,53,72
2024-05-02 13:36,ICW0W2000380,35,12,316,18,22.1,33,61,96
2024-03-13 08:57,ICW0W2000373,68,18,521,107,15.3,34,69,84
2024-05-02 13:36,ICW0W2000287,23,7,733,40,23.4,35,51,100
2023-12-01 13:35,ICW0W2000285,23,4,921,1027,14.7,22,61,70
2024-05-02 13:36,ICW0W2000275,13,4,636,132,24.8,38,49,97
2024-02-27 11:02,ICW0W2000263,15,3,430,42,20.9,24,65,99
2024-05-02 13:36,ICW0W2000262,42,14,425,11,22.6,34,57,95
2024-05-02 13:36,ICW0W2000248,7,2,2240,192,23.4,36,65,82
2024-05-02 13:35,ICW0W2100481,64,25,1893,140,25.9,50,60,78
2024-03-14 09:08,ICW0W2100587,55,20,392,6000,24.8,23,69,62
2024-05-02 13:35,ICW0W2100582,46,16,441,7,25.1,29,56,92
2024-05-02 13:35,ICW0W2100579,15,5,0,234,28.2,25,65,91
2024-05-02 13:39,ICW0W2100562,26,14,602,1368,28.0,25,57,69
2024-05-02 13:35,ICW0W2100560,31,12,556,6000,24.0,30,56,66
2024-04-29 13:56,ICW0W2100488,17,6,514,74,23.6,27,70,97
2024-05-02 14:36,ICW0W2100506,28,11,88,19,34.4,17,56,85
2024-03-14 09:08,ICW0W2100587,55,20,392,6000,24.8,23,69,62
2024-05-02 14:36,ICW0W2100582,22,8,465,10,25.4,26,65,94
2024-05-02 14:36,ICW0W2100579,9,3,0,190,28.5,25,62,92
2024-05-02 14:40,ICW0W2100562,23,13,568,48336,28.2,22,57,50
2024-05-02 14:36,ICW0W2100560,23,8,552,6000,24.0,31,56,67
2024-05-02 14:36,ICW0W2100549,23,9,355,1,25.4,22,71,95
2024-05-02 14:36,ICW0W2100509,17,7,217,6000,24.7,35,59,70
2024-05-02 14:36,ICW0W2100499,11,4,692,220,25.2,30,67,92
2024-03-19 13:26,ICW0W2100498,36,13,1781,645,24.5,41,86,77
2024-04-30 13:06,ICW0W2100497,45,17,639,36,25.2,34,63,90
2024-05-02 14:42,ICW0W2100491,11,6,527,8312,27.1,23,62,56
2024-04-29 17:13,ICW0W2100485,142,39,707,0,25.5,37,68,80
2024-05-02 14:36,ICW0W2100481,22,9,1144,285,24.5,41,60,90
2024-05-02 14:36,ICW0W2100479,13,5,462,28,24.7,26,61,95
2024-04-30 11:47,ICW0W2100489,17,7,227,19,23.6,42,73,100
2024-05-02 14:36,ICW0W2100467,11,4,,5292,25.6,25,69,61
2024-02-17 23:27,ICW0W2100466,24,9,516,366,19.9,31,55,92
2024-03-18 14:19,ICW0W2100463,33,10,791,935,22.7,21,71,77
2024-05-02 14:36,ICW0W2100462,26,9,314,110,25.1,27,60,93
2024-05-02 14:36,ICW0W2100460,17,6,760,0,23.5,35,60,100
2024-02-27 19:25,ICW0W2100459,83,34,514,44,19.9,26,66,88
2024-02-28 10:22,ICW0W2100457,12,4,1423,123,18.1,35,67,86
2024-05-02 14:36,ICW0W2100455,16,6,739,766,25.4,30,65,80
2024-05-02 14:36,ICW0W2000512,30,12,567,195,25.0,32,66,90
2024-05-02 14:36,ICW0W2001000,22,15,333,58,25.3,33,58,93
2024-02-27 11:02,ICW0W2000263,15,3,430,42,20.9,24,65,99
2024-04-30 19:50,ICW0W2000951,27,8,590,2083,26.3,42,54,79
2024-05-02 14:36,ICW0W2000956,23,14,1286,2689,22.0,48,56,77
2024-05-02 14:36,ICW0W2000996,29,28,382,63,23.1,31,53,94
2024-05-02 14:36,ICW0W2000991,22,15,390,13,21.7,29,57,97
2024-02-20 14:27,ICW0W2000990,3,2,1052,6645,21.0,34,63,71
2024-05-02 14:36,ICW0W2000983,21,14,136,285,22.9,35,52,99
2024-05-02 14:36,ICW0W2000955,11,8,504,103,21.7,33,62,97
2024-05-02 14:36,ICW0W2000987,16,10,,169,23.6,35,57,100
2024-05-02 14:36,ICW0W2000978,33,21,350,11,23.5,26,68,95
2024-05-02 14:36,ICW0W2000922,14,4,556,74,25.9,32,61,94
2024-05-02 14:36,ICW0W2000926,6,2,857,1528,29.9,36,53,74
2024-05-02 14:36,ICW0W2000977,26,17,447,81,25.1,30,56,92
2024-05-02 14:36,ICW0W2000933,17,5,1447,337,24.6,39,57,80
2024-03-13 08:57,ICW0W2000373,68,18,521,107,15.3,34,69,84
2024-05-02 14:36,ICW0W2000973,9,6,615,144,23.1,35,53,100
2024-05-02 14:05,ICW0W2000972,36,22,1075,253,22.4,34,61,85
2024-05-02 14:36,ICW0W2000968,16,11,715,204,30.2,24,72,83
2024-04-03 16:18,ICW0W2000944,4,2,1156,4964,23.3,44,83,79
2024-05-02 14:36,ICW0W2000964,26,16,705,3165,24.9,29,56,68
2024-05-02 14:36,ICW0W2000924,12,3,736,75,25.4,31,85,94
2024-05-02 14:36,ICW0W2000505,12,5,422,35,23.2,32,57,99
2024-04-23 11:36,V01T1623100,53,23,527,125,24.7,39,42,92
2024-05-02 14:36,V01T1623130,6,3,612,374,24.2,32,49,91
2024-05-02 14:36,V01T1623129,7,3,609,253,25.7,29,37,92
2024-05-02 14:36,V01T1623123,19,9,587,164,26.6,29,42,92
2024-03-13 15:23,V01T1623121,55,24,426,132,18.0,22,43,92
2024-05-02 14:35,V01T1623118,1,1,580,166,24.6,32,38,95
2024-03-29 08:06,V01T1623117,177,49,522,133,19.8,26,46,74
2024-05-02 14:36,V01T1623116,42,19,2500,,25.9,26,37,65
2024-05-02 14:36,V01T1623113,1,1,649,175,27.1,28,51,90
2024-05-02 13:45,V01T1623112,23,11,700,143,27.1,29,44,87
2024-05-02 14:36,V01T1623109,18,8,2149,131,18.6,51,43,85
2024-05-02 14:36,V01T1623108,35,16,1046,125,25.8,33,38,85
2024-05-02 14:36,V01T1623105,41,19,667,367,24.1,35,32,90
2024-05-02 14:36,V01T1623102,34,16,672,157,26.7,21,46,89
2024-05-02 14:36,ICW0W2000503,21,7,431,11,23.5,32,50,98
2024-05-02 14:36,ICW0W2000455,23,8,75,195,23.1,34,65,97
2024-05-02 14:36,ICW0W2000447,20,6,1119,208,22.6,41,59,94
2024-05-02 14:36,ICW0W2000459,19,7,794,17,23.8,33,65,96
2024-05-02 14:36,ICW0W2000507,4,2,895,448,25.8,38,54,91
2024-05-02 14:36,ICW0W2000501,21,7,682,153,23.2,36,77,99
2024-05-02 14:36,ICW0W2000500,8,4,2500,980,28.5,32,63,63
2024-05-02 14:36,ICW0W2000380,22,7,386,18,22.9,33,58,98
2024-05-02 14:36,ICW0W2000275,13,4,515,87,25.2,36,49,98
2024-03-31 18:00,ICW0W2000388,4,1,418,150,18.2,34,47,99
2024-01-15 14:01,ICW0W2000381,8,2,2500,123,26.0,15,53,72
2024-03-21 16:09,ICW0W2000382,16,5,500,0,23.3,20,63,98
2023-12-01 13:35,ICW0W2000285,23,4,921,1027,14.7,22,61,70
2024-05-02 13:48,ICW0W2000287,22,7,696,32,23.5,35,51,100
2024-05-02 14:36,ICW0W2000398,19,7,329,16,25.4,26,58,95
2024-05-02 14:34,ICW0W2000974,2,1,2340,303,21.5,47,70,84
2024-05-02 14:36,ICW0W2000248,5,1,2176,151,23.9,35,65,83
2024-05-02 14:36,ICW0W2000262,31,9,447,13,23.2,31,58,96
2024-04-29 13:56,ICW0W2100488,17,6,514,74,23.6,27,70,97
2024-05-02 14:35,ICW0W2100506,27,10,92,19,34.4,17,57,85
2024-03-14 09:08,ICW0W2100587,55,20,392,6000,24.8,23,69,62
2024-05-02 14:35,ICW0W2100582,24,9,463,12,25.4,26,67,94
2024-05-02 14:35,ICW0W2100579,9,3,0,209,28.6,25,65,92
2024-05-02 14:39,ICW0W2100562,24,13,583,49222,28.2,22,58,50
2024-04-29 13:56,ICW0W2100488,17,6,514,74,23.6,27,70,97
2024-05-02 15:36,ICW0W2100506,24,9,28,14,30.7,17,67,86
2024-03-14 09:08,ICW0W2100587,55,20,392,6000,24.8,23,69,62
2024-05-02 15:36,ICW0W2100582,24,8,519,15,26.0,26,67,94
2024-05-02 15:36,ICW0W2100579,14,5,0,9,27.9,19,63,91
2024-05-02 15:40,ICW0W2100562,18,9,645,2779,28.6,20,64,67
2024-05-02 15:36,ICW0W2100560,14,5,551,6000,24.1,28,60,65
2024-05-02 15:36,ICW0W2100549,25,10,373,5,25.2,22,70,94
2024-05-02 15:36,ICW0W2100509,12,4,618,6000,24.9,36,68,69
2024-05-02 15:36,ICW0W2100499,20,7,557,21,25.3,26,82,94
2024-03-19 13:26,ICW0W2100498,36,13,1781,645,24.5,41,86,77
2024-04-30 13:06,ICW0W2100497,45,17,639,36,25.2,34,63,90
2024-05-02 15:42,ICW0W2100491,13,7,460,684,26.7,20,61,82
2024-04-29 17:13,ICW0W2100485,142,39,707,0,25.5,37,68,80
2024-05-02 15:36,ICW0W2100481,24,9,421,8,23.6,29,63,97
2024-05-02 15:36,ICW0W2100479,20,6,453,19,24.8,24,76,95
2024-04-30 11:47,ICW0W2100489,17,7,227,19,23.6,42,73,100
2024-05-02 15:36,ICW0W2100467,12,4,,3728,25.6,23,70,65
2024-02-17 23:27,ICW0W2100466,24,9,516,366,19.9,31,55,92
2024-03-18 14:19,ICW0W2100463,33,10,791,935,22.7,21,71,77
2024-05-02 15:36,ICW0W2100462,17,6,347,46,25.1,23,74,95
2024-05-02 15:36,ICW0W2100460,11,4,1060,0,23.8,34,75,92
2024-02-27 19:25,ICW0W2100459,83,34,514,44,19.9,26,66,88
2024-02-28 10:22,ICW0W2100457,12,4,1423,123,18.1,35,67,86
2024-05-02 15:36,ICW0W2100455,10,3,655,0,24.9,29,66,95
2024-05-02 15:36,ICW0W2000512,26,10,908,1466,25.6,34,73,72
2024-05-02 15:36,ICW0W2001000,24,16,195,48,23.8,35,61,100
2024-02-27 11:02,ICW0W2000263,15,3,430,42,20.9,24,65,99
2024-04-30 19:50,ICW0W2000951,27,8,590,2083,26.3,42,54,79
2024-05-02 15:36,ICW0W2000956,20,12,1234,989,21.9,47,52,82
2024-05-02 15:36,ICW0W2000996,18,18,436,139,23.5,30,60,95
2024-05-02 15:36,ICW0W2000991,20,13,377,12,21.6,27,64,97
2024-02-20 14:27,ICW0W2000990,3,2,1052,6645,21.0,34,63,71
2024-05-02 15:36,ICW0W2000983,16,11,83,95,22.5,34,64,98
2024-05-02 15:36,ICW0W2000955,14,9,657,143,21.6,33,62,95
2024-05-02 15:36,ICW0W2000987,3,2,,596,24.3,36,64,88
2024-05-02 15:36,ICW0W2000978,22,14,316,13,23.7,24,52,97
2024-05-02 15:36,ICW0W2000922,14,4,499,17,26.0,31,75,95
2024-05-02 15:36,ICW0W2000926,7,2,147,228,29.2,32,52,91
2024-05-02 15:36,ICW0W2000977,16,11,437,24,25.7,27,73,94
2024-05-02 15:36,ICW0W2000933,16,5,697,24,24.6,31,78,94
2024-03-13 08:57,ICW0W2000373,68,18,521,107,15.3,34,69,84
2024-05-02 15:36,ICW0W2000973,13,9,492,12,23.0,29,65,98
2024-05-02 14:05,ICW0W2000972,36,22,1075,253,22.4,34,61,85
2024-05-02 15:36,ICW0W2000968,12,8,460,120,29.1,19,71,87
2024-04-03 16:18,ICW0W2000944,4,2,1156,4964,23.3,44,83,79
2024-05-02 15:36,ICW0W2000964,19,12,608,88,25.4,25,68,92
2024-05-02 15:36,ICW0W2000924,11,3,653,11,25.5,29,76,95
2024-05-02 15:36,ICW0W2000505,11,4,442,45,23.2,30,63,99
2024-04-23 11:36,V01T1623100,53,23,527,125,24.7,39,42,92
2024-05-02 15:36,V01T1623130,18,9,625,491,24.1,33,31,85
2024-05-02 15:36,V01T1623129,22,11,624,248,24.2,31,36,90
2024-05-02 15:36,V01T1623123,19,9,743,254,26.9,28,36,90
2024-03-13 15:23,V01T1623121,55,24,426,132,18.0,22,43,92
2024-05-02 15:35,V01T1623118,6,3,561,157,24.8,31,35,94
2024-03-29 08:06,V01T1623117,177,49,522,133,19.8,26,46,74
2024-05-02 15:36,V01T1623116,43,19,2500,212,25.7,22,35,70
2024-05-02 15:36,V01T1623113,1,1,644,152,26.9,26,47,94
2024-05-02 15:17,V01T1623112,35,16,1040,646,28.3,25,50,75
2024-05-02 15:36,V01T1623109,9,4,2189,136,18.6,49,40,86
2024-05-02 15:36,V01T1623108,19,9,878,141,25.7,29,30,91
2024-05-02 15:36,V01T1623105,40,18,719,447,24.3,32,34,83
2024-05-02 15:36,V01T1623102,7,3,667,217,26.9,19,46,90
2024-05-02 15:36,ICW0W2000503,14,5,410,9,23.6,29,48,99
2024-05-02 15:36,ICW0W2000455,14,5,83,146,23.7,32,59,99
2024-05-02 15:36,ICW0W2000447,13,4,1796,304,23.7,43,76,84
2024-05-02 15:36,ICW0W2000459,17,6,958,33,23.8,35,61,99
2024-05-02 15:36,ICW0W2000507,5,3,1063,573,26.0,38,55,87
2024-05-02 15:36,ICW0W2000501,14,5,884,100,23.9,36,48,99
2024-05-02 15:36,ICW0W2000500,9,5,2500,264,28.4,27,62,69
2024-05-02 15:36,ICW0W2000380,17,5,406,22,23.2,30,59,98
2024-05-02 15:36,ICW0W2000275,9,3,495,82,25.8,35,49,99
2024-03-31 18:00,ICW0W2000388,4,1,418,150,18.2,34,47,99
2024-01-15 14:01,ICW0W2000381,8,2,2500,123,26.0,15,53,72
2024-03-21 16:09,ICW0W2000382,16,5,500,0,23.3,20,63,98
2023-12-01 13:35,ICW0W2000285,23,4,921,1027,14.7,22,61,70
2024-05-02 13:48,ICW0W2000287,22,7,696,32,23.5,35,51,100
2024-05-02 15:36,ICW0W2000398,16,5,315,19,25.4,25,62,96
2024-05-02 15:36,ICW0W2000974,20,13,678,30,21.3,34,65,95
2024-05-02 15:36,ICW0W2000248,4,1,2584,295,24.4,34,67,74
2024-05-02 15:36,ICW0W2000262,20,6,487,22,23.6,32,56,98
2024-04-29 13:56,ICW0W2100488,17,6,514,74,23.6,27,70,97
2024-05-02 15:35,ICW0W2100506,25,10,96,12,31.0,16,66,86
2024-03-14 09:08,ICW0W2100587,55,20,392,6000,24.8,23,69,62
2024-05-02 15:35,ICW0W2100582,23,8,515,16,26.0,26,69,94
2024-05-02 15:35,ICW0W2100579,14,5,0,9,27.9,19,61,91
2024-05-02 15:39,ICW0W2100562,19,10,629,2827,28.6,20,69,66
2024-04-29 13:56,ICW0W2100488,17,6,514,74,23.6,27,70,97
2024-05-02 16:36,ICW0W2100506,21,8,962,34,25.7,30,61,92
2024-03-14 09:08,ICW0W2100587,55,20,392,6000,24.8,23,69,62
2024-05-02 16:36,ICW0W2100582,27,10,466,14,26.3,26,76,94
2024-05-02 16:36,ICW0W2100579,15,6,0,14,28.0,18,63,91
2024-05-02 16:40,ICW0W2100562,21,12,663,462,28.7,20,65,81
2024-05-02 16:36,ICW0W2100560,19,7,499,3876,24.0,26,60,72
2024-05-02 16:36,ICW0W2100549,22,8,336,0,24.9,22,70,95
2024-05-02 16:36,ICW0W2100509,13,5,341,5999,25.1,34,70,66
2024-05-02 16:36,ICW0W2100499,15,5,475,6000,25.5,26,73,65
2024-03-19 13:26,ICW0W2100498,36,13,1781,645,24.5,41,86,77
2024-04-30 13:06,ICW0W2100497,45,17,639,36,25.2,34,63,90
2024-05-02 16:42,ICW0W2100491,7,3,564,4934,26.6,24,58,68
2024-04-29 17:13,ICW0W2100485,142,39,707,0,25.5,37,68,80
2024-05-02 16:36,ICW0W2100481,24,9,462,38,24.1,28,62,94
2024-05-02 16:36,ICW0W2100479,22,7,498,24,25.5,25,75,94
2024-04-30 11:47,ICW0W2100489,17,7,227,19,23.6,42,73,100
2024-05-02 16:36,ICW0W2100467,10,4,,5998,25.6,24,77,59
2024-02-17 23:27,ICW0W2100466,24,9,516,366,19.9,31,55,92
2024-03-18 14:19,ICW0W2100463,33,10,791,935,22.7,21,71,77
2024-05-02 16:36,ICW0W2100462,26,10,401,153,24.7,23,56,92
2024-05-02 16:36,ICW0W2100460,13,4,817,0,23.6,35,69,100
2024-02-27 19:25,ICW0W2100459,83,34,514,44,19.9,26,66,88
2024-02-28 10:22,ICW0W2100457,12,4,1423,123,18.1,35,67,86
2024-05-02 16:36,ICW0W2100455,11,4,541,6000,24.4,28,76,65
2024-05-02 16:36,ICW0W2000512,23,9,738,243,19.7,39,64,97
2024-05-02 16:36,ICW0W2001000,21,14,214,51,23.8,35,54,100
2024-02-27 11:02,ICW0W2000263,15,3,430,42,20.9,24,65,99
2024-04-30 19:50,ICW0W2000951,27,8,590,2083,26.3,42,54,79
2024-05-02 16:36,ICW0W2000956,19,10,1069,4292,21.7,44,57,79
2024-05-02 16:36,ICW0W2000996,21,20,334,37,23.4,27,54,96
2024-05-02 16:36,ICW0W2000991,20,12,438,66,21.7,28,72,96
2024-02-20 14:27,ICW0W2000990,3,2,1052,6645,21.0,34,63,71
2024-05-02 16:36,ICW0W2000983,23,13,121,110,22.1,30,77,97
2024-05-02 16:36,ICW0W2000955,14,10,569,132,21.9,30,67,95
2024-05-02 16:36,ICW0W2000987,17,9,,81,23.5,33,59,98
2024-05-02 16:36,ICW0W2000978,23,14,334,13,24.3,24,52,94
2024-05-02 16:36,ICW0W2000922,15,4,502,286,25.9,30,67,92
2024-05-02 16:36,ICW0W2000926,7,2,56,116,29.1,30,52,93
2024-05-02 16:36,ICW0W2000977,18,11,453,37,26.1,27,76,94
2024-05-02 16:36,ICW0W2000933,15,4,424,15,24.8,29,50,96
2024-03-13 08:57,ICW0W2000373,68,18,521,107,15.3,34,69,84
2024-05-02 16:36,ICW0W2000973,9,6,425,27,23.3,30,53,99
2024-05-02 16:36,ICW0W2000972,15,9,1222,705,19.9,38,73,84
2024-05-02 16:36,ICW0W2000968,14,9,432,29,29.3,19,82,88
2024-04-03 16:18,ICW0W2000944,4,2,1156,4964,23.3,44,83,79
2024-05-02 16:36,ICW0W2000964,20,13,482,21,23.9,26,65,97
2024-05-02 16:36,ICW0W2000924,10,3,669,55,25.3,29,72,95
2024-05-02 16:36,ICW0W2000505,12,5,585,34,23.6,30,66,98
2024-04-23 11:36,V01T1623100,53,23,527,125,24.7,39,42,92
2024-05-02 16:36,V01T1623130,6,3,734,406,24.1,33,43,88
2024-05-02 16:36,V01T1623129,38,17,603,257,23.8,32,38,90
2024-05-02 16:36,V01T1623123,4,2,643,169,27.0,27,30,94
2024-03-13 15:23,V01T1623121,55,24,426,132,18.0,22,43,92
2024-05-02 16:35,V01T1623118,1,1,502,171,25.1,30,34,95
2024-03-29 08:06,V01T1623117,177,49,522,133,19.8,26,46,74
2024-05-02 16:36,V01T1623116,42,19,2500,245,25.5,22,38,70
2024-05-02 16:36,V01T1623113,32,15,1182,295,27.4,33,30,76
2024-05-02 15:17,V01T1623112,35,16,1040,646,28.3,25,50,75
2024-05-02 16:36,V01T1623109,8,4,2219,134,18.8,47,41,86
2024-05-02 16:36,V01T1623108,9,4,826,160,25.8,30,30,92
2024-05-02 16:36,V01T1623105,35,16,898,707,24.6,32,34,78
2024-05-02 16:36,V01T1623102,20,9,714,445,27.0,19,44,82
2024-05-02 16:36,ICW0W2000503,14,5,419,12,23.8,29,51,99
2024-05-02 16:36,ICW0W2000455,16,5,87,608,23.8,30,61,89
2024-05-02 16:31,ICW0W2000447,20,6,1672,297,23.8,42,57,84
2024-05-02 16:36,ICW0W2000459,18,6,796,30,23.6,33,64,96
2024-05-02 16:36,ICW0W2000507,7,4,989,691,26.0,37,62,85
2024-05-02 16:36,ICW0W2000501,3,1,771,247,23.3,38,49,99
2024-05-02 16:36,ICW0W2000500,7,4,2500,96,27.9,28,60,71
2024-05-02 16:36,ICW0W2000380,17,5,406,23,23.1,29,61,98
2024-05-02 16:36,ICW0W2000275,10,2,494,94,26.0,34,49,95
2024-03-31 18:00,ICW0W2000388,4,1,418,150,18.2,34,47,99
2024-01-15 14:01,ICW0W2000381,8,2,2500,123,26.0,15,53,72
2024-03-21 16:09,ICW0W2000382,16,5,500,0,23.3,20,63,98
2023-12-01 13:35,ICW0W2000285,23,4,921,1027,14.7,22,61,70
2024-05-02 13:48,ICW0W2000287,22,7,696,32,23.5,35,51,100
2024-05-02 16:36,ICW0W2000398,15,5,332,20,25.9,24,66,96
2024-05-02 16:36,ICW0W2000974,24,13,568,25,21.4,31,56,95
2024-05-02 16:36,ICW0W2000248,7,2,3086,324,24.9,34,66,72
2024-05-02 16:36,ICW0W2000262,21,6,476,27,23.3,31,72,98
2024-04-29 13:56,ICW0W2100488,17,6,514,74,23.6,27,70,97
2024-05-02 16:35,ICW0W2100506,22,7,1040,37,25.6,31,59,88
2024-03-14 09:08,ICW0W2100587,55,20,392,6000,24.8,23,69,62
2024-05-02 16:35,ICW0W2100582,27,9,459,13,26.3,25,73,94
2024-05-02 16:35,ICW0W2100579,14,5,0,13,27.9,18,61,91
2024-05-02 16:39,ICW0W2100562,22,11,666,450,28.7,20,62,81
2024-04-29 13:56,ICW0W2100488,17,6,514,74,23.6,27,70,97
2024-05-02 17:36,ICW0W2100506,19,7,38,4,25.6,20,62,97
2024-03-14 09:08,ICW0W2100587,55,20,392,6000,24.8,23,69,62
2024-05-02 17:36,ICW0W2100582,22,8,477,15,26.0,24,63,94
2024-05-02 17:36,ICW0W2100579,10,4,0,45,28.0,17,71,91
2024-05-02 17:40,ICW0W2100562,15,8,636,735,28.6,20,65,76
2024-05-02 17:36,ICW0W2100560,14,5,477,3788,24.3,25,62,70
2024-05-02 17:36,ICW0W2100549,21,7,395,11,24.9,21,66,95
2024-05-02 17:36,ICW0W2100509,15,5,172,3652,25.2,32,63,72
2024-05-02 17:36,ICW0W2100499,14,5,390,24,24.6,25,65,96
2024-03-19 13:26,ICW0W2100498,36,13,1781,645,24.5,41,86,77
2024-04-30 13:06,ICW0W2100497,45,17,639,36,25.2,34,63,90
2024-05-02 17:42,ICW0W2100491,8,4,615,60000,26.5,23,63,56
2024-04-29 17:13,ICW0W2100485,142,39,707,0,25.5,37,68,80
2024-05-02 17:36,ICW0W2100481,25,9,776,0,24.9,33,64,92
2024-05-02 17:36,ICW0W2100479,12,4,414,15,24.7,23,71,96
2024-04-30 11:47,ICW0W2100489,17,7,227,19,23.6,42,73,100
2024-05-02 17:36,ICW0W2100467,9,3,,6000,25.8,22,76,60
2024-02-17 23:27,ICW0W2100466,24,9,516,366,19.9,31,55,92
2024-03-18 14:19,ICW0W2100463,33,10,791,935,22.7,21,71,77
2024-05-02 17:36,ICW0W2100462,20,7,399,17,24.2,22,59,95
2024-05-02 17:36,ICW0W2100460,8,2,728,0,23.3,33,63,98
2024-02-27 19:25,ICW0W2100459,83,34,514,44,19.9,26,66,88
2024-02-28 10:22,ICW0W2100457,12,4,1423,123,18.1,35,67,86
2024-05-02 17:36,ICW0W2100455,9,3,532,509,24.3,27,63,86
2024-05-02 17:36,ICW0W2000512,18,6,470,33,24.5,28,66,95
2024-05-02 17:36,ICW0W2001000,18,13,198,53,24.5,34,54,95
2024-02-27 11:02,ICW0W2000263,15,3,430,42,20.9,24,65,99
2024-04-30 19:50,ICW0W2000951,27,8,590,2083,26.3,42,54,79
2024-05-02 17:36,ICW0W2000956,14,8,1129,1543,22.1,45,63,83
2024-05-02 17:36,ICW0W2000996,20,19,415,176,23.7,27,70,94
2024-05-02 17:36,ICW0W2000991,14,10,364,13,21.4,26,59,98
2024-02-20 14:27,ICW0W2000990,3,2,1052,6645,21.0,34,63,71
2024-05-02 17:36,ICW0W2000983,16,10,145,465,21.7,31,55,90
2024-05-02 17:36,ICW0W2000955,13,8,599,254,21.7,32,64,94
2024-05-02 17:36,ICW0W2000987,13,7,,80,23.8,33,58,99
2024-05-02 17:36,ICW0W2000978,20,12,324,25,23.8,24,51,97
2024-05-02 17:36,ICW0W2000922,14,4,520,113,25.7,29,61,94
2024-05-02 17:36,ICW0W2000926,3,1,34,85,29.0,29,52,94
2024-05-02 17:36,ICW0W2000977,12,8,550,101,25.4,28,55,93
2024-05-02 17:36,ICW0W2000933,12,4,419,36,24.6,27,50,96
2024-03-13 08:57,ICW0W2000373,68,18,521,107,15.3,34,69,84
2024-05-02 17:36,ICW0W2000973,6,4,425,54,23.0,31,50,99
2024-05-02 17:24,ICW0W2000972,15,8,1156,200,22.5,32,68,87
2024-05-02 17:36,ICW0W2000968,10,7,471,85,29.9,19,65,88
2024-04-03 16:18,ICW0W2000944,4,2,1156,4964,23.3,44,83,79
2024-05-02 17:36,ICW0W2000964,18,12,499,26,24.1,24,58,94
2024-05-02 17:36,ICW0W2000924,12,3,498,20,25.5,28,66,96
2024-05-02 17:36,ICW0W2000505,19,7,531,14,23.6,29,71,97
2024-04-23 11:36,V01T1623100,53,23,527,125,24.7,39,42,92
2024-05-02 17:36,V01T1623130,1,1,661,316,24.1,29,39,92
2024-05-02 17:36,V01T1623129,12,6,583,313,23.8,33,36,94
2024-05-02 17:36,V01T1623123,17,8,798,334,27.0,27,39,89
2024-03-13 15:23,V01T1623121,55,24,426,132,18.0,22,43,92
2024-05-02 17:35,V01T1623118,1,1,474,180,24.7,31,33,95
2024-03-29 08:06,V01T1623117,177,49,522,133,19.8,26,46,74
2024-05-02 17:36,V01T1623116,44,20,2362,221,25.6,20,35,70
2024-05-02 17:36,V01T1623113,41,19,716,203,27.4,27,30,83
2024-05-02 17:36,V01T1623112,10,5,576,569,27.1,24,32,81
2024-05-02 17:36,V01T1623109,19,9,2327,182,19.0,47,43,83
2024-05-02 17:36,V01T1623108,17,8,768,153,25.7,30,30,91
2024-05-02 17:36,V01T1623105,32,15,913,686,25.3,35,39,82
2024-05-02 17:36,V01T1623102,31,14,702,352,27.2,17,40,80
2024-05-02 17:36,ICW0W2000503,12,4,521,41,24.2,30,48,95
2024-05-02 17:36,ICW0W2000455,15,5,80,97,23.8,29,61,99
2024-05-02 17:36,ICW0W2000447,15,4,1339,566,23.9,44,66,88
2024-05-02 17:36,ICW0W2000459,15,5,727,18,23.4,32,61,97
2024-05-02 17:36,ICW0W2000507,6,3,991,916,26.1,37,52,81
2024-05-02 17:36,ICW0W2000501,2,0,700,299,23.1,38,78,99
2024-05-02 17:36,ICW0W2000500,7,4,2500,4,27.5,27,62,72
2024-05-02 17:36,ICW0W2000380,15,5,511,51,23.1,31,63,98
2024-05-02 17:36,ICW0W2000275,5,2,559,128,26.4,35,49,99
2024-03-31 18:00,ICW0W2000388,4,1,418,150,18.2,34,47,99
2024-01-15 14:01,ICW0W2000381,8,2,2500,123,26.0,15,53,72
2024-03-21 16:09,ICW0W2000382,16,5,500,0,23.3,20,63,98
2023-12-01 13:35,ICW0W2000285,23,4,921,1027,14.7,22,61,70
2024-05-02 13:48,ICW0W2000287,22,7,696,32,23.5,35,51,100
2024-05-02 17:36,ICW0W2000398,15,5,330,17,24.8,24,62,96
2024-05-02 17:36,ICW0W2000974,12,8,686,54,21.5,32,61,96
2024-05-02 17:36,ICW0W2000248,6,1,2998,288,25.1,34,66,73
2024-05-02 17:36,ICW0W2000262,24,6,715,60,23.0,37,60,100
2024-04-29 13:56,ICW0W2100488,17,6,514,74,23.6,27,70,97
2024-05-02 17:35,ICW0W2100506,19,7,40,4,25.6,20,62,97
2024-03-14 09:08,ICW0W2100587,55,20,392,6000,24.8,23,69,62
2024-05-02 17:35,ICW0W2100582,22,8,473,18,26.0,25,63,94
2024-05-02 17:35,ICW0W2100579,10,4,0,44,28.0,17,66,91
2024-05-02 17:39,ICW0W2100562,16,8,631,497,28.7,20,64,81
2024-05-03 09:34,ICW0W2100481,39,15,659,141,23.7,37,69,96
2024-03-14 09:08,ICW0W2100587,55,20,392,6000,24.8,23,69,62
2024-05-03 09:34,ICW0W2100582,49,18,458,5,23.6,32,71,94
2024-05-03 09:34,ICW0W2100579,19,7,0,107,26.1,26,71,96
2024-05-03 09:38,ICW0W2100562,29,16,683,534,26.1,27,82,82
2024-05-03 09:34,ICW0W2100560,6,2,1479,6000,23.7,41,62,71
2024-05-03 09:34,ICW0W2100549,28,11,416,41,24.5,30,64,93
2024-05-03 09:34,ICW0W2100509,37,13,88,6000,23.6,33,71,67
2024-05-03 09:34,ICW0W2100506,7,2,38,17,34.8,18,58,89
2024-05-03 09:34,ICW0W2100499,43,16,622,107,24.5,38,72,93
2024-03-19 13:26,ICW0W2100498,36,13,1781,645,24.5,41,86,77
2024-04-30 13:06,ICW0W2100497,45,17,639,36,25.2,34,63,90
2024-05-03 09:41,ICW0W2100491,33,18,573,683,25.4,32,75,79
2024-04-30 11:47,ICW0W2100489,17,7,227,19,23.6,42,73,100
2024-04-29 13:56,ICW0W2100488,17,6,514,74,23.6,27,70,97
2024-04-29 17:13,ICW0W2100485,142,39,707,0,25.5,37,68,80
2024-05-03 09:35,ICW0W2100479,39,14,536,22,23.9,32,76,94
2024-05-03 09:34,ICW0W2100467,19,7,,5090,25.3,32,80,61
2024-02-17 23:27,ICW0W2100466,24,9,516,366,19.9,31,55,92
2024-03-18 14:19,ICW0W2100463,33,10,791,935,22.7,21,71,77
2024-05-03 09:34,ICW0W2100462,38,13,163,58,23.7,32,82,96
2024-05-03 09:34,ICW0W2100460,15,5,788,0,23.0,38,78,100
2024-02-27 19:25,ICW0W2100459,83,34,514,44,19.9,26,66,88
2024-02-28 10:22,ICW0W2100457,12,4,1423,123,18.1,35,67,86
2024-05-03 09:34,ICW0W2100455,25,9,1249,0,23.9,50,70,93
2024-05-03 09:34,ICW0W2001000,19,12,9,39,23.8,33,70,99
2024-05-03 09:34,ICW0W2000996,34,32,397,32,22.0,33,64,93
2024-05-03 08:20,ICW0W2000991,21,14,453,72,21.4,36,65,100
2024-02-20 14:27,ICW0W2000990,3,2,1052,6645,21.0,34,63,71
2024-05-03 09:34,ICW0W2000987,49,28,,13,21.9,33,60,92
2024-05-03 09:34,ICW0W2000983,37,24,214,29,20.2,33,73,95
2024-05-03 09:34,ICW0W2000978,46,27,425,64,22.3,30,50,93
2024-05-03 09:34,ICW0W2000977,41,25,507,31,24.0,32,73,93
2024-05-03 09:34,ICW0W2000974,55,35,691,202,20.4,38,73,92
2024-05-03 09:34,ICW0W2000973,52,29,448,1663,22.0,37,72,77
2024-05-02 17:24,ICW0W2000972,15,8,1156,200,22.5,32,68,87
2024-05-03 09:34,ICW0W2000968,39,25,411,14,26.6,25,64,91
2024-05-03 09:34,ICW0W2000964,50,31,464,70,19.5,33,70,92
2024-05-03 09:34,ICW0W2000956,22,14,745,224,20.9,44,53,99
2024-05-03 09:34,ICW0W2000955,59,38,514,49,19.2,38,73,92
2024-04-30 19:50,ICW0W2000951,27,8,590,2083,26.3,42,54,79
2024-04-03 16:18,ICW0W2000944,4,2,1156,4964,23.3,44,83,79
2024-05-03 09:34,ICW0W2000933,45,15,454,40,22.4,37,70,98
2024-05-03 09:34,ICW0W2000926,12,4,185,49,28.1,29,53,93
2024-05-03 09:34,ICW0W2000924,21,6,692,33,24.5,35,81,97
2024-05-03 09:34,ICW0W2000922,35,11,534,32,24.5,38,71,96
2024-05-03 09:34,V01T1623130,9,4,439,138,22.4,37,30,100
2024-05-03 09:34,V01T1623129,43,19,556,147,25.3,33,38,89
2024-05-03 09:34,V01T1623123,43,19,559,128,26.4,30,44,89
2024-03-13 15:23,V01T1623121,55,24,426,132,18.0,22,43,92
2024-05-03 09:33,V01T1623118,1,1,429,137,21.9,35,30,100
2024-03-29 08:06,V01T1623117,177,49,522,133,19.8,26,46,74
2024-05-03 09:34,V01T1623116,25,12,2500,125,24.7,32,36,73
2024-05-03 09:34,V01T1623113,27,12,462,130,25.9,29,30,92
2024-05-03 09:34,V01T1623112,1,1,430,125,26.3,32,32,96
2024-05-03 09:34,V01T1623109,6,3,2189,125,18.4,50,40,86
2024-05-03 09:34,V01T1623108,32,15,643,127,23.5,35,31,97
2024-05-03 09:34,V01T1623105,9,4,458,132,22.6,36,31,100
2024-05-03 09:34,V01T1623102,1,1,661,149,25.6,29,31,94
2024-04-23 11:36,V01T1623100,53,23,527,125,24.7,39,42,92
2024-05-03 09:34,ICW0W2000512,47,16,974,211,23.8,39,80,93
2024-05-03 09:34,ICW0W2000507,5,3,629,6,24.3,37,47,100
2024-05-03 09:34,ICW0W2000505,24,9,441,77,22.5,35,58,100
2024-05-03 09:34,ICW0W2000503,15,5,423,746,22.1,38,46,89
2024-05-03 09:34,ICW0W2000501,12,5,457,106,21.9,39,76,100
2024-05-03 09:34,ICW0W2000500,26,14,2500,146,24.1,38,62,76
2024-05-03 09:34,ICW0W2000459,45,16,629,11,22.6,37,61,97
2024-05-03 09:34,ICW0W2000455,29,10,129,221,21.1,38,61,99
2024-05-03 09:34,ICW0W2000447,37,10,311,42,21.0,38,47,100
2024-05-03 09:34,ICW0W2000398,46,16,370,13,21.9,33,70,95
2024-03-31 18:00,ICW0W2000388,4,1,418,150,18.2,34,47,99
2024-03-21 16:09,ICW0W2000382,16,5,500,0,23.3,20,63,98
2024-01-15 14:01,ICW0W2000381,8,2,2500,123,26.0,15,53,72
2024-05-03 09:34,ICW0W2000380,42,15,341,13,21.0,36,53,99
2024-03-13 08:57,ICW0W2000373,68,18,521,107,15.3,34,69,84
2024-05-03 09:34,ICW0W2000287,16,5,472,43,22.2,37,51,100
2023-12-01 13:35,ICW0W2000285,23,4,921,1027,14.7,22,61,70
2024-05-03 09:34,ICW0W2000275,4,1,511,212,23.8,39,50,100
2024-02-27 11:02,ICW0W2000263,15,3,430,42,20.9,24,65,99
2024-05-03 09:34,ICW0W2000262,39,12,568,22,20.2,41,61,100
2024-05-03 09:34,ICW0W2000248,5,1,1978,159,24.1,35,64,80
2024-05-03 09:33,ICW0W2100481,41,16,651,136,23.7,37,74,96
2024-03-14 09:08,ICW0W2100587,55,20,392,6000,24.8,23,69,62
2024-05-03 09:33,ICW0W2100582,49,18,463,4,23.6,32,72,94
2024-05-03 09:33,ICW0W2100579,20,8,0,104,26.1,26,70,96
2024-05-03 09:37,ICW0W2100562,30,16,683,518,26.1,27,81,82
2024-05-03 09:33,ICW0W2100560,7,2,1492,6000,23.7,41,61,71
2024-05-03 09:35,ICW0W2100481,38,15,681,150,23.7,37,68,96
2024-03-14 09:08,ICW0W2100587,55,20,392,6000,24.8,23,69,62
2024-05-03 09:35,ICW0W2100582,50,18,467,12,23.6,32,73,94
2024-05-03 09:35,ICW0W2100579,18,7,0,104,26.1,26,72,96
2024-05-03 09:39,ICW0W2100562,30,16,688,503,26.2,27,80,83
2024-05-03 09:35,ICW0W2100560,8,2,1474,6000,23.7,41,61,71
2024-05-03 09:35,ICW0W2100549,28,11,412,41,24.5,30,62,93
2024-05-03 09:35,ICW0W2100509,36,12,81,6000,23.6,33,72,67
2024-05-03 09:35,ICW0W2100506,5,1,37,17,34.9,18,60,89
2024-05-03 09:35,ICW0W2100499,43,16,640,119,24.5,38,71,93
2024-03-19 13:26,ICW0W2100498,36,13,1781,645,24.5,41,86,77
2024-04-30 13:06,ICW0W2100497,45,17,639,36,25.2,34,63,90
2024-05-03 09:42,ICW0W2100491,34,19,587,731,25.4,31,79,78
2024-04-30 11:47,ICW0W2100489,17,7,227,19,23.6,42,73,100
2024-04-29 13:56,ICW0W2100488,17,6,514,74,23.6,27,70,97
2024-04-29 17:13,ICW0W2100485,142,39,707,0,25.5,37,68,80
2024-05-03 09:36,ICW0W2100479,41,15,479,18,24.0,31,74,95
2024-05-03 09:35,ICW0W2100467,20,7,,4458,25.3,32,77,62
2024-02-17 23:27,ICW0W2100466,24,9,516,366,19.9,31,55,92
2024-03-18 14:19,ICW0W2100463,33,10,791,935,22.7,21,71,77
2024-05-03 09:35,ICW0W2100462,40,14,174,56,23.7,32,82,96
2024-05-03 09:35,ICW0W2100460,16,5,783,0,23.0,39,77,100
2024-02-27 19:25,ICW0W2100459,83,34,514,44,19.9,26,66,88
2024-02-28 10:22,ICW0W2100457,12,4,1423,123,18.1,35,67,86
2024-05-03 09:35,ICW0W2100455,28,10,1242,0,24.0,49,73,93
2024-05-03 09:35,ICW0W2001000,18,12,7,37,23.7,34,69,99
2024-05-03 09:35,ICW0W2000996,35,33,388,40,22.0,33,61,93
2024-05-03 08:20,ICW0W2000991,21,14,453,72,21.4,36,65,100
2024-02-20 14:27,ICW0W2000990,3,2,1052,6645,21.0,34,63,71
2024-05-03 09:35,ICW0W2000987,48,28,,12,21.9,33,58,93
2024-05-03 09:35,ICW0W2000983,40,25,211,35,20.2,33,72,95
2024-05-03 09:35,ICW0W2000978,44,26,422,59,22.3,30,52,93
2024-05-03 09:35,ICW0W2000977,39,24,511,36,24.0,32,67,93
2024-05-03 09:35,ICW0W2000974,58,36,712,101,20.4,38,75,91
2024-05-03 09:35,ICW0W2000973,46,26,454,1113,22.0,37,66,79
2024-05-02 17:24,ICW0W2000972,15,8,1156,200,22.5,32,68,87
2024-05-03 09:35,ICW0W2000968,38,23,404,16,26.7,25,70,91
2024-05-03 09:35,ICW0W2000964,51,30,469,71,19.6,33,69,92
2024-05-03 09:35,ICW0W2000956,21,14,763,252,20.9,44,52,99
2024-05-03 09:35,ICW0W2000955,59,38,525,50,19.2,38,71,92
2024-04-30 19:50,ICW0W2000951,27,8,590,2083,26.3,42,54,79
2024-04-03 16:18,ICW0W2000944,4,2,1156,4964,23.3,44,83,79
2024-05-03 09:35,ICW0W2000933,47,15,453,38,22.3,36,69,98
2024-05-03 09:35,ICW0W2000926,13,4,185,50,28.1,29,53,93
2024-05-03 09:35,ICW0W2000924,21,7,698,28,24.5,35,79,97
2024-05-03 09:35,ICW0W2000922,36,11,514,31,24.5,36,66,96
2024-05-03 09:35,V01T1623130,21,10,440,138,22.4,37,30,100
2024-05-03 09:35,V01T1623129,11,5,543,144,25.3,32,41,94
2024-05-03 09:35,V01T1623123,33,15,591,131,26.4,31,44,90
2024-03-13 15:23,V01T1623121,55,24,426,132,18.0,22,43,92
2024-05-03 09:34,V01T1623118,22,10,421,137,21.9,35,31,100
2024-03-29 08:06,V01T1623117,177,49,522,133,19.8,26,46,74
2024-05-03 09:35,V01T1623116,35,16,2500,125,24.9,32,35,72
2024-05-03 09:35,V01T1623113,33,15,460,131,25.9,28,30,91
2024-05-03 09:35,V01T1623112,1,1,423,125,26.3,32,31,96
2024-05-03 09:35,V01T1623109,5,2,2362,125,18.4,50,42,86
2024-05-03 09:35,V01T1623108,35,16,636,128,23.9,35,30,96
2024-05-03 09:35,V01T1623105,5,2,459,132,22.6,36,32,100
2024-05-03 09:35,V01T1623102,26,12,669,149,25.6,29,31,90
2024-04-23 11:36,V01T1623100,53,23,527,125,24.7,39,42,92
2024-05-03 09:35,ICW0W2000512,47,16,1003,218,23.8,39,80,91
2024-05-03 09:35,ICW0W2000507,5,3,629,7,24.3,37,47,100
2024-05-03 09:35,ICW0W2000505,24,10,439,71,22.4,35,58,100
2024-05-03 09:35,ICW0W2000503,15,5,423,751,22.1,38,46,88
2024-05-03 09:35,ICW0W2000501,15,5,446,96,21.9,38,76,100
2024-05-03 09:35,ICW0W2000500,26,14,2500,150,24.1,38,62,76
2024-05-03 09:35,ICW0W2000459,43,15,635,12,22.6,37,62,98
2024-05-03 09:35,ICW0W2000455,29,10,126,214,21.0,38,63,99
2024-05-03 09:35,ICW0W2000447,31,9,312,43,21.0,38,50,100
2024-05-03 09:35,ICW0W2000398,47,17,366,13,21.8,33,73,95
2024-03-31 18:00,ICW0W2000388,4,1,418,150,18.2,34,47,99
2024-03-21 16:09,ICW0W2000382,16,5,500,0,23.3,20,63,98
2024-01-15 14:01,ICW0W2000381,8,2,2500,123,26.0,15,53,72
2024-05-03 09:35,ICW0W2000380,43,15,332,14,21.0,36,53,99
2024-03-13 08:57,ICW0W2000373,68,18,521,107,15.3,34,69,84
2024-05-03 09:35,ICW0W2000287,15,5,473,45,22.2,37,52,100
2023-12-01 13:35,ICW0W2000285,23,4,921,1027,14.7,22,61,70
2024-05-03 09:35,ICW0W2000275,5,1,512,221,23.8,39,49,100
2024-02-27 11:02,ICW0W2000263,15,3,430,42,20.9,24,65,99
2024-05-03 09:35,ICW0W2000262,38,11,571,27,20.2,42,59,100
2024-05-03 09:35,ICW0W2000248,5,1,1791,157,24.1,35,65,81
2024-05-03 09:34,ICW0W2100481,39,15,659,141,23.7,37,69,96
2024-03-14 09:08,ICW0W2100587,55,20,392,6000,24.8,23,69,62
2024-05-03 09:34,ICW0W2100582,49,18,458,5,23.6,32,71,94
2024-05-03 09:34,ICW0W2100579,19,7,0,107,26.1,26,71,96
2024-05-03 09:38,ICW0W2100562,29,16,683,534,26.1,27,82,82
2024-05-03 09:34,ICW0W2100560,6,2,1479,6000,23.7,41,62,71
2024-05-03 09:36,ICW0W2100481,41,15,700,139,23.7,37,69,96
2024-03-14 09:08,ICW0W2100587,55,20,392,6000,24.8,23,69,62
2024-05-03 09:36,ICW0W2100582,49,18,466,13,23.6,32,74,94
2024-05-03 09:36,ICW0W2100579,18,7,0,107,26.1,26,70,96
2024-05-03 09:40,ICW0W2100562,29,15,674,501,26.2,27,80,83
2024-05-03 09:36,ICW0W2100560,8,2,1476,6000,23.7,41,58,71
2024-05-03 09:36,ICW0W2100549,28,10,412,42,24.5,30,62,93
2024-05-03 09:36,ICW0W2100509,34,12,79,6000,23.6,33,72,67
2024-05-03 09:36,ICW0W2100506,4,1,36,17,34.9,18,58,89
2024-05-03 09:36,ICW0W2100499,47,18,668,138,24.5,39,77,92
2024-03-19 13:26,ICW0W2100498,36,13,1781,645,24.5,41,86,77
2024-04-30 13:06,ICW0W2100497,45,17,639,36,25.2,34,63,90
2024-05-03 09:43,ICW0W2100491,33,19,570,661,25.4,30,80,79
2024-04-30 11:47,ICW0W2100489,17,7,227,19,23.6,42,73,100
2024-04-29 13:56,ICW0W2100488,17,6,514,74,23.6,27,70,97
2024-04-29 17:13,ICW0W2100485,142,39,707,0,25.5,37,68,80
2024-05-03 09:37,ICW0W2100479,41,15,439,15,24.0,31,75,95
2024-05-03 09:36,ICW0W2100467,21,7,,3958,25.3,31,75,64
2024-02-17 23:27,ICW0W2100466,24,9,516,366,19.9,31,55,92
2024-03-18 14:19,ICW0W2100463,33,10,791,935,22.7,21,71,77
2024-05-03 09:36,ICW0W2100462,41,14,194,88,23.7,32,81,95
2024-05-03 09:36,ICW0W2100460,16,5,813,0,23.0,38,81,100
2024-02-27 19:25,ICW0W2100459,83,34,514,44,19.9,26,66,88
2024-02-28 10:22,ICW0W2100457,12,4,1423,123,18.1,35,67,86
2024-05-03 09:36,ICW0W2100455,46,17,1273,0,24.0,50,74,90
2024-05-03 09:36,ICW0W2001000,20,13,20,37,23.8,34,68,99
2024-05-03 09:36,ICW0W2000996,36,34,380,8,21.9,33,64,93
2024-05-03 08:20,ICW0W2000991,21,14,453,72,21.4,36,65,100
2024-02-20 14:27,ICW0W2000990,3,2,1052,6645,21.0,34,63,71
2024-05-03 09:36,ICW0W2000987,45,26,,13,21.9,33,59,93
2024-05-03 09:36,ICW0W2000983,39,25,206,35,20.2,33,74,95
2024-05-03 09:36,ICW0W2000978,43,26,426,62,22.3,30,50,93
2024-05-03 09:36,ICW0W2000977,38,24,509,42,24.1,32,66,90
2024-05-03 09:36,ICW0W2000974,59,36,708,87,20.4,38,73,92
2024-05-03 09:36,ICW0W2000973,38,22,457,697,22.1,36,63,86
2024-05-02 17:24,ICW0W2000972,15,8,1156,200,22.5,32,68,87
2024-05-03 09:36,ICW0W2000968,39,24,400,15,26.7,24,69,91
2024-05-03 09:36,ICW0W2000964,49,29,473,75,19.8,33,67,92
2024-05-03 09:36,ICW0W2000956,24,15,759,241,21.0,44,56,98
2024-05-03 09:36,ICW0W2000955,61,38,558,64,19.2,39,68,92
2024-04-30 19:50,ICW0W2000951,27,8,590,2083,26.3,42,54,79
2024-04-03 16:18,ICW0W2000944,4,2,1156,4964,23.3,44,83,79
2024-05-03 09:36,ICW0W2000933,53,17,423,30,22.1,36,74,98
2024-05-03 09:36,ICW0W2000926,13,4,179,50,28.1,29,53,93
2024-05-03 09:36,ICW0W2000924,25,8,710,26,24.5,35,82,97
2024-05-03 09:36,ICW0W2000922,35,11,538,26,24.5,36,73,96
2024-05-03 09:36,V01T1623130,26,12,438,138,22.4,37,30,99
2024-05-03 09:36,V01T1623129,51,22,545,144,25.3,32,41,88
2024-05-03 09:36,V01T1623123,24,12,613,132,26.4,30,45,91
2024-03-13 15:23,V01T1623121,55,24,426,132,18.0,22,43,92
2024-05-03 09:35,V01T1623118,1,1,431,136,21.9,35,31,100
2024-03-29 08:06,V01T1623117,177,49,522,133,19.8,26,46,74
2024-05-03 09:36,V01T1623116,16,8,2500,125,24.8,32,35,74
2024-05-03 09:36,V01T1623113,28,13,454,130,25.9,28,30,92
2024-05-03 09:36,V01T1623112,5,3,423,125,26.3,32,30,95
2024-05-03 09:36,V01T1623109,11,5,2428,125,18.4,50,43,85
2024-05-03 09:36,V01T1623108,13,6,638,128,23.6,35,30,100
2024-05-03 09:36,V01T1623105,1,1,457,133,22.6,36,32,100
2024-05-03 09:36,V01T1623102,21,10,665,149,25.7,29,31,91
2024-04-23 11:36,V01T1623100,53,23,527,125,24.7,39,42,92
2024-05-03 09:36,ICW0W2000512,43,15,994,222,23.9,38,80,93
2024-05-03 09:36,ICW0W2000507,5,3,630,5,24.3,37,46,100
2024-05-03 09:36,ICW0W2000505,23,9,432,65,22.4,35,59,100
2024-05-03 09:36,ICW0W2000503,14,5,422,727,22.1,38,46,89
2024-05-03 09:36,ICW0W2000501,19,7,440,83,21.9,38,72,100
2024-05-03 09:36,ICW0W2000500,25,14,2500,150,24.2,38,63,76
2024-05-03 09:36,ICW0W2000459,46,16,620,11,22.6,37,61,97
2024-05-03 09:36,ICW0W2000455,29,10,125,202,21.1,38,66,100
2024-05-03 09:36,ICW0W2000447,27,8,317,45,21.0,38,54,100
2024-05-03 09:36,ICW0W2000398,47,17,373,13,21.8,33,66,95
2024-03-31 18:00,ICW0W2000388,4,1,418,150,18.2,34,47,99
2024-03-21 16:09,ICW0W2000382,16,5,500,0,23.3,20,63,98
2024-01-15 14:01,ICW0W2000381,8,2,2500,123,26.0,15,53,72
2024-05-03 09:36,ICW0W2000380,43,15,335,14,21.0,36,53,99
2024-03-13 08:57,ICW0W2000373,68,18,521,107,15.3,34,69,84
2024-05-03 09:36,ICW0W2000287,15,5,480,45,22.2,37,51,100
2023-12-01 13:35,ICW0W2000285,23,4,921,1027,14.7,22,61,70
2024-05-03 09:36,ICW0W2000275,5,1,488,218,23.8,39,50,100
2024-02-27 11:02,ICW0W2000263,15,3,430,42,20.9,24,65,99
2024-05-03 09:36,ICW0W2000262,36,11,594,31,20.2,42,65,100
2024-05-03 09:36,ICW0W2000248,6,1,2109,154,24.1,35,65,80
2024-05-03 09:35,ICW0W2100481,38,15,681,150,23.7,37,68,96
2024-03-14 09:08,ICW0W2100587,55,20,392,6000,24.8,23,69,62
2024-05-03 09:35,ICW0W2100582,50,18,467,12,23.6,32,73,94
2024-05-03 09:35,ICW0W2100579,18,7,0,104,26.1,26,72,96
2024-05-03 09:39,ICW0W2100562,30,16,688,503,26.2,27,80,83
2024-05-03 09:35,ICW0W2100560,8,2,1474,6000,23.7,41,61,71
2024-04-29 13:56,ICW0W2100488,17,6,514,74,23.6,27,70,97
2024-05-03 10:38,ICW0W2100506,2,0,80,15,34.0,17,56,89
2024-03-14 09:08,ICW0W2100587,55,20,392,6000,24.8,23,69,62
2024-05-03 10:38,ICW0W2100582,51,18,423,4,23.8,29,72,94
2024-05-03 10:38,ICW0W2100579,19,7,0,348,26.3,25,63,93
2024-05-03 10:42,ICW0W2100562,44,23,602,273,26.7,24,76,86
2024-05-03 10:38,ICW0W2100560,12,4,1304,6000,24.0,37,61,71
2024-05-03 10:38,ICW0W2100549,55,21,365,62,24.1,25,68,90
2024-05-03 10:38,ICW0W2100509,26,10,269,2490,24.0,35,70,79
2024-05-03 10:38,ICW0W2100499,44,17,419,52,23.6,29,64,94
2024-03-19 13:26,ICW0W2100498,36,13,1781,645,24.5,41,86,77
2024-04-30 13:06,ICW0W2100497,45,17,639,36,25.2,34,63,90
2024-05-03 10:45,ICW0W2100491,47,25,640,1257,27.2,25,76,67
2024-04-29 17:13,ICW0W2100485,142,39,707,0,25.5,37,68,80
2024-05-03 10:38,ICW0W2100481,54,21,891,933,24.3,37,83,76
2024-05-03 10:38,ICW0W2100479,51,16,532,46,24.7,28,79,90
2024-04-30 11:47,ICW0W2100489,17,7,227,19,23.6,42,73,100
2024-05-03 10:38,ICW0W2100467,44,15,,6000,25.3,31,67,55
2024-02-17 23:27,ICW0W2100466,24,9,516,366,19.9,31,55,92
2024-03-18 14:19,ICW0W2100463,33,10,791,935,22.7,21,71,77
2024-05-03 10:38,ICW0W2100462,46,16,168,258,24.8,29,84,90
2024-05-03 10:38,ICW0W2100460,9,3,761,0,22.8,39,60,100
2024-02-27 19:25,ICW0W2100459,83,34,514,44,19.9,26,66,88
2024-02-28 10:22,ICW0W2100457,12,4,1423,123,18.1,35,67,86
2024-05-03 10:38,ICW0W2100455,31,10,543,0,24.6,32,58,93
2024-05-03 10:38,ICW0W2000512,38,15,777,190,24.2,37,73,92
2024-05-03 10:38,ICW0W2001000,16,11,28,40,24.3,33,68,96
2024-02-27 11:02,ICW0W2000263,15,3,430,42,20.9,24,65,99
2024-04-30 19:50,ICW0W2000951,27,8,590,2083,26.3,42,54,79
2024-05-03 10:38,ICW0W2000956,29,15,1011,322,21.3,44,61,94
2024-05-03 10:38,ICW0W2000996,35,32,415,487,22.5,32,64,85
2024-05-03 08:20,ICW0W2000991,21,14,453,72,21.4,36,65,100
2024-02-20 14:27,ICW0W2000990,3,2,1052,6645,21.0,34,63,71
2024-05-03 10:38,ICW0W2000983,9,6,175,76,20.8,33,53,99
2024-05-03 10:38,ICW0W2000955,23,15,492,78,20.3,35,67,99
2024-05-03 10:38,ICW0W2000987,31,19,,67,22.9,33,64,94
2024-05-03 10:38,ICW0W2000978,56,33,325,20,21.3,30,50,92
2024-05-03 10:38,ICW0W2000922,40,12,571,112,24.8,35,65,94
2024-05-03 10:38,ICW0W2000926,19,6,187,79,28.4,29,52,92
2024-05-03 10:38,ICW0W2000977,38,24,458,86,24.5,32,54,90
2024-05-03 10:38,ICW0W2000933,41,13,386,23,23.0,31,69,95
2024-03-13 08:57,ICW0W2000373,68,18,521,107,15.3,34,69,84
2024-05-03 10:38,ICW0W2000973,25,16,448,53,21.8,33,59,95
2024-05-02 17:24,ICW0W2000972,15,8,1156,200,22.5,32,68,87
2024-05-03 10:38,ICW0W2000968,36,22,517,75,28.5,22,78,86
2024-04-03 16:18,ICW0W2000944,4,2,1156,4964,23.3,44,83,79
2024-05-03 10:38,ICW0W2000964,60,34,662,134,21.6,33,62,89
2024-05-03 10:38,ICW0W2000924,29,9,541,11,24.5,32,73,93
2024-05-03 10:38,ICW0W2000505,25,10,427,45,22.7,33,58,97
2024-04-23 11:36,V01T1623100,53,23,527,125,24.7,39,42,92
2024-05-03 10:38,V01T1623130,44,20,519,125,23.2,32,33,92
2024-05-03 10:38,V01T1623129,16,8,528,158,26.0,30,45,93
2024-05-03 10:38,V01T1623123,41,19,716,158,26.5,29,35,88
2024-03-13 15:23,V01T1623121,55,24,426,132,18.0,22,43,92
2024-05-03 10:37,V01T1623118,1,1,421,133,22.2,34,30,99
2024-03-29 08:06,V01T1623117,177,49,522,133,19.8,26,46,74
2024-05-03 10:38,V01T1623116,47,21,2500,189,22.4,34,41,73
2024-05-03 10:38,V01T1623113,40,18,463,127,25.6,28,30,90
2024-05-03 10:38,V01T1623112,1,1,419,125,26.3,32,33,96
2024-05-03 10:38,V01T1623109,23,11,2362,125,18.5,50,41,83
2024-05-03 10:38,V01T1623108,54,23,652,142,23.9,33,47,90
2024-05-03 10:38,V01T1623105,3,1,440,128,22.8,35,31,100
2024-05-03 10:38,V01T1623102,34,16,596,131,25.4,24,39,90
2024-05-03 10:38,ICW0W2000503,38,13,461,146,22.1,35,56,98
2024-05-03 10:38,ICW0W2000455,45,17,93,193,20.2,38,70,98
2024-05-03 10:37,ICW0W2000447,11,3,414,107,21.3,39,56,100
2024-05-03 10:38,ICW0W2000459,34,12,784,36,23.6,37,60,98
2024-05-03 10:38,ICW0W2000507,8,4,787,6,25.2,36,63,99
2024-05-03 10:38,ICW0W2000501,41,15,361,0,21.3,35,70,100
2024-05-03 10:38,ICW0W2000500,27,15,2500,1583,25.9,35,62,67
2024-05-03 10:38,ICW0W2000380,42,14,531,672,21.3,39,54,87
2024-05-03 10:38,ICW0W2000275,8,2,664,283,24.0,39,49,99
2024-03-31 18:00,ICW0W2000388,4,1,418,150,18.2,34,47,99
2024-01-15 14:01,ICW0W2000381,8,2,2500,123,26.0,15,53,72
2024-03-21 16:09,ICW0W2000382,16,5,500,0,23.3,20,63,98
2023-12-01 13:35,ICW0W2000285,23,4,921,1027,14.7,22,61,70
2024-05-03 10:38,ICW0W2000287,16,5,621,53,22.6,36,51,100
2024-05-03 10:38,ICW0W2000398,48,17,502,110,23.1,31,67,92
2024-05-03 10:38,ICW0W2000974,47,29,774,419,21.0,36,70,89
2024-05-03 10:38,ICW0W2000248,22,6,2194,58,24.8,32,67,75
2024-05-03 10:38,ICW0W2000262,51,16,421,36,20.7,36,61,98
2024-04-29 13:56,ICW0W2100488,17,6,514,74,23.6,27,70,97
2024-05-03 10:37,ICW0W2100506,2,0,79,15,34.0,17,56,89
2024-03-14 09:08,ICW0W2100587,55,20,392,6000,24.8,23,69,62
2024-05-03 10:37,ICW0W2100582,50,18,429,3,23.8,29,73,94
2024-05-03 10:37,ICW0W2100579,18,7,0,327,26.3,25,62,93
2024-05-03 10:41,ICW0W2100562,45,23,600,256,26.7,24,83,86
2024-05-03 11:38,ICW0W2100481,46,18,642,1154,24.2,35,64,75
2024-03-14 09:08,ICW0W2100587,55,20,392,6000,24.8,23,69,62
2024-05-03 11:38,ICW0W2100582,50,18,483,22,24.3,29,70,91
2024-05-03 11:38,ICW0W2100579,16,6,0,105,26.8,24,60,96
2024-05-03 11:42,ICW0W2100562,37,19,621,592,27.4,24,67,76
2024-05-03 11:38,ICW0W2100560,7,2,1224,6000,24.2,36,57,70
2024-05-03 11:38,ICW0W2100549,59,22,381,21,24.5,25,70,90
2024-05-03 11:38,ICW0W2100509,31,11,90,4329,24.4,32,71,68
2024-05-03 11:38,ICW0W2100506,21,8,26,8,31.1,17,59,87
2024-05-03 11:38,ICW0W2100499,42,15,455,59,23.5,29,68,94
2024-03-19 13:26,ICW0W2100498,36,13,1781,645,24.5,41,86,77
2024-04-30 13:06,ICW0W2100497,45,17,639,36,25.2,34,63,90
2024-05-03 11:45,ICW0W2100491,35,19,562,1566,27.8,22,68,67
2024-04-30 11:47,ICW0W2100489,17,7,227,19,23.6,42,73,100
2024-04-29 13:56,ICW0W2100488,17,6,514,74,23.6,27,70,97
2024-04-29 17:13,ICW0W2100485,142,39,707,0,25.5,37,68,80
2024-05-03 11:39,ICW0W2100479,34,13,494,61,25.0,26,68,92
2024-05-03 11:38,ICW0W2100467,32,12,,5477,25.5,27,73,58
2024-02-17 23:27,ICW0W2100466,24,9,516,366,19.9,31,55,92
2024-03-18 14:19,ICW0W2100463,33,10,791,935,22.7,21,71,77
2024-05-03 11:38,ICW0W2100462,62,22,353,387,23.9,27,71,89
2024-05-03 11:38,ICW0W2100460,32,11,824,0,22.9,40,63,100
2024-02-27 19:25,ICW0W2100459,83,34,514,44,19.9,26,66,88
2024-02-28 10:22,ICW0W2100457,12,4,1423,123,18.1,35,67,86
2024-05-03 11:38,ICW0W2100455,30,10,697,1360,24.8,31,64,73
2024-05-03 11:38,ICW0W2001000,23,13,311,60,24.4,35,53,98
2024-05-03 11:38,ICW0W2000996,40,37,452,1690,23.1,32,59,76
2024-05-03 08:20,ICW0W2000991,21,14,453,72,21.4,36,65,100
2024-02-20 14:27,ICW0W2000990,3,2,1052,6645,21.0,34,63,71
2024-05-03 11:38,ICW0W2000987,34,20,,49,23.0,32,58,94
2024-05-03 11:38,ICW0W2000983,8,6,89,224,21.5,33,58,98
2024-05-03 11:38,ICW0W2000978,36,22,337,57,22.5,29,43,94
2024-05-03 11:38,ICW0W2000977,41,27,446,176,25.1,29,71,88
2024-05-03 11:38,ICW0W2000974,55,33,571,47,21.2,33,74,91
2024-05-03 11:38,ICW0W2000973,36,22,465,121,22.4,33,77,93
2024-05-02 17:24,ICW0W2000972,15,8,1156,200,22.5,32,68,87
2024-05-03 11:38,ICW0W2000968,41,25,608,551,29.2,21,67,76
2024-05-03 11:38,ICW0W2000964,44,27,691,3311,23.0,30,65,69
2024-05-03 11:38,ICW0W2000956,25,14,845,450,21.2,44,65,94
2024-05-03 11:38,ICW0W2000955,52,32,550,253,20.5,33,65,88
2024-04-30 19:50,ICW0W2000951,27,8,590,2083,26.3,42,54,79
2024-04-03 16:18,ICW0W2000944,4,2,1156,4964,23.3,44,83,79
2024-05-03 11:38,ICW0W2000933,53,16,514,76,24.0,30,78,93
2024-05-03 11:38,ICW0W2000926,23,8,220,61,28.6,28,52,91
2024-05-03 11:38,ICW0W2000924,27,8,816,43,24.9,32,70,92
2024-05-03 11:38,ICW0W2000922,33,11,541,54,25.5,34,67,92
2024-05-03 11:38,V01T1623130,1,1,528,184,23.5,32,31,98
2024-05-03 11:38,V01T1623129,43,19,542,125,26.6,28,45,89
2024-05-03 11:38,V01T1623123,16,8,655,143,26.2,30,36,92
2024-03-13 15:23,V01T1623121,55,24,426,132,18.0,22,43,92
2024-05-03 11:37,V01T1623118,5,2,426,125,22.4,34,30,99
2024-03-29 08:06,V01T1623117,177,49,522,133,19.8,26,46,74
2024-05-03 11:38,V01T1623116,14,7,2500,223,25.5,31,38,73
2024-05-03 11:38,V01T1623113,6,3,521,161,25.8,28,49,94
2024-05-03 11:38,V01T1623112,65,27,420,125,25.6,25,57,88
2024-05-03 11:38,V01T1623109,1,1,2362,133,18.2,51,40,86
2024-05-03 11:38,V01T1623108,67,28,1909,157,25.6,43,42,77
2024-05-03 11:38,V01T1623105,36,17,624,252,23.2,36,30,95
2024-05-03 11:38,V01T1623102,28,13,2256,581,28.1,57,39,74
2024-04-23 11:36,V01T1623100,53,23,527,125,24.7,39,42,92
2024-05-03 11:38,ICW0W2000512,40,15,619,6000,22.0,38,68,69
2024-05-03 11:38,ICW0W2000507,8,4,823,146,25.7,36,51,97
2024-05-03 11:38,ICW0W2000505,35,13,406,121,22.8,33,59,94
2024-05-03 11:38,ICW0W2000503,45,16,515,50,22.4,35,52,97
2024-05-03 11:38,ICW0W2000501,40,15,369,8,22.0,34,72,95
2024-05-03 11:38,ICW0W2000500,28,15,2500,565,27.0,32,63,70
2024-05-03 11:38,ICW0W2000459,34,12,717,29,23.7,34,63,94
2024-05-03 11:38,ICW0W2000455,49,19,110,169,21.2,34,66,94
2024-05-03 11:38,ICW0W2000447,17,5,493,118,21.6,38,54,100
2024-05-03 11:38,ICW0W2000398,50,17,359,25,23.2,29,64,94
2024-03-31 18:00,ICW0W2000388,4,1,418,150,18.2,34,47,99
2024-03-21 16:09,ICW0W2000382,16,5,500,0,23.3,20,63,98
2024-01-15 14:01,ICW0W2000381,8,2,2500,123,26.0,15,53,72
2024-05-03 11:38,ICW0W2000380,48,17,536,1742,22.8,35,51,78
2024-03-13 08:57,ICW0W2000373,68,18,521,107,15.3,34,69,84
2024-05-03 11:38,ICW0W2000287,16,5,694,54,22.9,36,52,100
2023-12-01 13:35,ICW0W2000285,23,4,921,1027,14.7,22,61,70
2024-05-03 11:38,ICW0W2000275,6,2,624,292,23.9,39,49,99
2024-02-27 11:02,ICW0W2000263,15,3,430,42,20.9,24,65,99
2024-05-03 11:38,ICW0W2000262,36,11,478,42,20.3,39,55,99
2024-05-03 11:38,ICW0W2000248,34,10,1779,12,25.0,29,65,75
2024-05-03 11:37,ICW0W2100481,45,17,639,1124,24.2,35,68,76
2024-03-14 09:08,ICW0W2100587,55,20,392,6000,24.8,23,69,62
2024-05-03 11:37,ICW0W2100582,51,18,469,21,24.3,29,70,91
2024-05-03 11:37,ICW0W2100579,14,5,0,106,26.8,24,59,97
2024-05-03 11:41,ICW0W2100562,39,20,619,568,27.4,24,67,77
2024-05-03 11:37,ICW0W2100560,6,2,1211,6000,24.2,36,64,70
2024-05-03 12:38,ICW0W2100481,64,24,464,166,23.8,31,60,91
2024-03-14 09:08,ICW0W2100587,55,20,392,6000,24.8,23,69,62
2024-05-03 12:38,ICW0W2100582,54,19,514,50,24.8,29,74,90
2024-05-03 12:38,ICW0W2100579,19,7,0,124,27.3,23,63,92
2024-05-03 12:42,ICW0W2100562,48,26,568,293,27.6,22,68,82
2024-05-03 12:38,ICW0W2100560,11,4,1025,6000,24.1,35,56,73
2024-05-03 12:38,ICW0W2100549,62,23,375,12,25.4,24,71,90
2024-05-03 12:38,ICW0W2100509,35,13,82,1608,24.4,30,64,74
2024-05-03 12:38,ICW0W2100506,62,23,103,7,30.4,17,58,82
2024-05-03 12:38,ICW0W2100499,35,13,606,1698,24.2,31,73,71
2024-03-19 13:26,ICW0W2100498,36,13,1781,645,24.5,41,86,77
2024-04-30 13:06,ICW0W2100497,45,17,639,36,25.2,34,63,90
2024-05-03 12:45,ICW0W2100491,32,18,478,1242,28.1,21,60,69
2024-04-30 11:47,ICW0W2100489,17,7,227,19,23.6,42,73,100
2024-04-29 13:56,ICW0W2100488,17,6,514,74,23.6,27,70,97
2024-04-29 17:13,ICW0W2100485,142,39,707,0,25.5,37,68,80
2024-05-03 12:39,ICW0W2100479,40,15,464,28,26.1,26,62,92
2024-05-03 12:38,ICW0W2100467,36,13,,6000,25.8,27,68,56
2024-02-17 23:27,ICW0W2100466,24,9,516,366,19.9,31,55,92
2024-03-18 14:19,ICW0W2100463,33,10,791,935,22.7,21,71,77
2024-05-03 12:38,ICW0W2100462,61,21,354,67,24.9,26,59,90
2024-05-03 12:38,ICW0W2100460,12,4,899,0,23.0,40,67,100
2024-02-27 19:25,ICW0W2100459,83,34,514,44,19.9,26,66,88
2024-02-28 10:22,ICW0W2100457,12,4,1423,123,18.1,35,67,86
2024-05-03 12:38,ICW0W2100455,31,11,657,866,25.6,30,61,76
2024-05-03 12:38,ICW0W2001000,16,11,141,63,25.2,33,55,95
2024-05-03 12:38,ICW0W2000996,46,43,478,65,23.1,34,52,87
2024-05-03 08:20,ICW0W2000991,21,14,453,72,21.4,36,65,100
2024-02-20 14:27,ICW0W2000990,3,2,1052,6645,21.0,34,63,71
2024-05-03 12:38,ICW0W2000987,26,16,,296,22.8,34,63,91
2024-05-03 12:38,ICW0W2000983,9,5,23,1682,22.3,34,62,80
2024-05-03 12:38,ICW0W2000978,41,25,327,68,23.1,28,49,94
2024-05-03 12:38,ICW0W2000977,47,29,495,111,25.3,30,56,88
2024-05-03 12:38,ICW0W2000974,34,20,1054,125,21.5,37,60,91
2024-05-03 12:38,ICW0W2000973,39,24,436,47,22.8,31,66,93
2024-05-02 17:24,ICW0W2000972,15,8,1156,200,22.5,32,68,87
2024-05-03 12:38,ICW0W2000968,39,24,718,525,29.5,23,79,77
2024-05-03 12:38,ICW0W2000964,42,26,752,627,23.4,30,59,81
2024-05-03 12:38,ICW0W2000956,24,13,987,803,21.5,45,50,87
2024-05-03 12:38,ICW0W2000955,43,28,604,134,21.1,34,64,91
2024-04-30 19:50,ICW0W2000951,27,8,590,2083,26.3,42,54,79
2024-04-03 16:18,ICW0W2000944,4,2,1156,4964,23.3,44,83,79
2024-05-03 12:38,ICW0W2000933,50,16,416,138,24.7,31,61,90
2024-05-03 12:38,ICW0W2000926,27,9,233,17,28.3,25,53,91
2024-05-03 12:38,ICW0W2000924,35,11,547,6,25.3,30,71,92
2024-05-03 12:38,ICW0W2000922,40,12,600,46,25.5,34,75,91
2024-05-03 12:38,V01T1623130,4,2,608,241,23.7,34,30,96
2024-05-03 12:38,V01T1623129,32,15,518,212,27.1,26,36,85
2024-05-03 12:38,V01T1623123,14,7,618,132,27.0,28,34,93
2024-03-13 15:23,V01T1623121,55,24,426,132,18.0,22,43,92
2024-05-03 12:37,V01T1623118,1,1,413,149,22.8,33,30,99
2024-03-29 08:06,V01T1623117,177,49,522,133,19.8,26,46,74
2024-05-03 12:38,V01T1623116,45,20,2500,139,26.0,30,40,71
2024-05-03 12:38,V01T1623113,47,21,868,321,26.1,32,51,85
2024-05-03 12:38,V01T1623112,60,26,629,307,26.6,25,51,85
2024-05-03 12:38,V01T1623109,21,10,2362,129,18.3,50,39,84
2024-05-03 12:38,V01T1623108,85,33,1325,315,26.8,26,51,74
2024-05-03 12:38,V01T1623105,45,20,593,174,23.5,33,30,91
2024-05-03 12:38,V01T1623102,16,7,1556,517,27.2,38,38,75
2024-04-23 11:36,V01T1623100,53,23,527,125,24.7,39,42,92
2024-05-03 12:38,ICW0W2000512,43,16,629,1140,23.6,35,65,79
2024-05-03 12:38,ICW0W2000507,6,3,881,365,26.0,36,65,94
2024-05-03 12:38,ICW0W2000505,28,11,436,133,23.3,34,58,95
2024-05-03 12:38,ICW0W2000503,49,18,486,7,22.7,33,56,94
2024-05-03 12:38,ICW0W2000501,32,12,356,14,22.4,33,69,96
2024-05-03 12:38,ICW0W2000500,32,17,2500,383,28.3,32,62,65
2024-05-03 12:38,ICW0W2000459,34,12,717,75,24.2,33,59,90
2024-05-03 12:38,ICW0W2000455,55,20,91,152,21.4,33,67,94
2024-05-03 12:37,ICW0W2000447,18,5,532,264,21.8,38,50,98
2024-05-03 12:38,ICW0W2000398,54,19,382,37,24.2,29,66,91
2024-03-31 18:00,ICW0W2000388,4,1,418,150,18.2,34,47,99
2024-03-21 16:09,ICW0W2000382,16,5,500,0,23.3,20,63,98
2024-01-15 14:01,ICW0W2000381,8,2,2500,123,26.0,15,53,72
2024-05-03 12:38,ICW0W2000380,53,18,330,32,22.8,33,53,94
2024-03-13 08:57,ICW0W2000373,68,18,521,107,15.3,34,69,84
2024-05-03 12:38,ICW0W2000287,14,4,739,45,23.0,36,53,100
2023-12-01 13:35,ICW0W2000285,23,4,921,1027,14.7,22,61,70
2024-05-03 12:38,ICW0W2000275,6,2,750,472,24.3,39,51,90
2024-02-27 11:02,ICW0W2000263,15,3,430,42,20.9,24,65,99
2024-05-03 12:38,ICW0W2000262,36,12,466,30,20.1,39,55,99
2024-05-03 12:38,ICW0W2000248,20,5,2159,52,24.0,32,66,79
2024-05-03 12:37,ICW0W2100481,68,26,444,150,23.8,31,59,91
2024-03-14 09:08,ICW0W2100587,55,20,392,6000,24.8,23,69,62
2024-05-03 12:37,ICW0W2100582,56,20,509,41,24.8,29,69,90
2024-05-03 12:37,ICW0W2100579,19,7,0,122,27.3,23,63,92
2024-05-03 12:41,ICW0W2100562,48,26,561,299,27.6,22,63,82
2024-05-03 12:37,ICW0W2100560,11,4,1022,6000,24.1,35,56,73
2024-05-03 13:38,ICW0W2100481,29,10,804,1814,24.3,38,60,75
2024-03-14 09:08,ICW0W2100587,55,20,392,6000,24.8,23,69,62
2024-05-03 13:38,ICW0W2100582,48,17,617,368,25.2,30,59,86
2024-05-03 13:38,ICW0W2100579,16,6,0,176,28.3,23,66,91
2024-05-03 13:42,ICW0W2100562,37,20,617,904,28.2,23,56,70
2024-05-03 13:38,ICW0W2100560,19,7,724,6000,24.0,32,59,67
2024-05-03 13:38,ICW0W2100549,51,19,601,46,26.5,25,74,89
2024-05-03 13:38,ICW0W2100509,32,11,11,1391,24.6,32,65,75
2024-05-03 13:38,ICW0W2100506,67,26,100,9,32.2,15,56,81
2024-05-03 12:55,ICW0W2100499,39,14,878,3614,24.6,33,77,66
2024-03-19 13:26,ICW0W2100498,36,13,1781,645,24.5,41,86,77
2024-04-30 13:06,ICW0W2100497,45,17,639,36,25.2,34,63,90
2024-05-03 13:45,ICW0W2100491,24,13,829,6649,28.5,26,66,57
2024-04-30 11:47,ICW0W2100489,17,7,227,19,23.6,42,73,100
2024-04-29 13:56,ICW0W2100488,17,6,514,74,23.6,27,70,97
2024-04-29 17:13,ICW0W2100485,142,39,707,0,25.5,37,68,80
2024-05-03 13:39,ICW0W2100479,32,12,531,42,25.2,26,59,92
2024-05-03 13:38,ICW0W2100467,33,12,,6000,26.0,27,69,56
2024-02-17 23:27,ICW0W2100466,24,9,516,366,19.9,31,55,92
2024-03-18 14:19,ICW0W2100463,33,10,791,935,22.7,21,71,77
2024-05-03 13:38,ICW0W2100462,59,21,49,48,25.6,26,59,92
2024-05-03 13:38,ICW0W2100460,31,11,663,0,22.9,37,68,99
2024-02-27 19:25,ICW0W2100459,83,34,514,44,19.9,26,66,88
2024-02-28 10:22,ICW0W2100457,12,4,1423,123,18.1,35,67,86
2024-05-03 13:38,ICW0W2100455,30,10,964,2909,25.8,34,61,68
2024-05-03 13:38,ICW0W2001000,27,17,117,49,26.9,29,58,94
2024-05-03 13:38,ICW0W2000996,36,35,537,27,23.2,33,55,92
2024-05-03 08:20,ICW0W2000991,21,14,453,72,21.4,36,65,100
2024-02-20 14:27,ICW0W2000990,3,2,1052,6645,21.0,34,63,71
2024-05-03 13:38,ICW0W2000987,21,13,,229,23.3,35,58,98
2024-05-03 13:38,ICW0W2000983,11,8,60,269,22.0,33,59,97
2024-05-03 13:38,ICW0W2000978,41,26,331,69,23.3,28,50,93
2024-05-03 13:38,ICW0W2000977,49,31,483,99,25.9,29,52,88
2024-05-03 13:38,ICW0W2000974,2,1,1941,309,21.8,42,52,85
2024-05-03 13:38,ICW0W2000973,11,8,577,135,23.0,34,56,96
2024-05-02 17:24,ICW0W2000972,15,8,1156,200,22.5,32,68,87
2024-05-03 13:38,ICW0W2000968,25,15,690,316,29.8,23,72,84
2024-05-03 13:38,ICW0W2000964,36,22,1014,1502,23.9,32,57,75
2024-05-03 13:38,ICW0W2000956,16,10,987,1464,21.5,46,51,82
2024-05-03 13:38,ICW0W2000955,32,21,708,364,21.3,36,62,93
2024-04-30 19:50,ICW0W2000951,27,8,590,2083,26.3,42,54,79
2024-04-03 16:18,ICW0W2000944,4,2,1156,4964,23.3,44,83,79
2024-05-03 13:38,ICW0W2000933,31,10,682,240,24.5,33,58,89
2024-05-03 13:38,ICW0W2000926,9,3,160,132,28.5,29,51,92
2024-05-03 13:38,ICW0W2000924,22,7,727,40,25.7,32,66,93
2024-05-03 13:38,ICW0W2000922,38,12,538,22,25.8,32,63,92
2024-05-03 13:38,V01T1623130,7,3,524,142,23.9,33,34,97
2024-05-03 13:38,V01T1623129,40,18,521,125,27.6,24,39,85
2024-05-03 13:38,V01T1623123,31,14,581,130,26.6,29,38,90
2024-03-13 15:23,V01T1623121,55,24,426,132,18.0,22,43,92
2024-05-03 13:37,V01T1623118,8,4,488,129,23.9,28,45,98
2024-03-29 08:06,V01T1623117,177,49,522,133,19.8,26,46,74
2024-05-03 13:38,V01T1623116,56,24,2254,125,25.5,27,31,71
2024-05-03 13:38,V01T1623113,112,39,1540,186,26.6,41,49,74
2024-05-03 13:38,V01T1623112,60,26,370,177,26.6,23,46,88
2024-05-03 13:38,V01T1623109,22,11,2362,146,18.6,49,41,83
2024-05-03 13:38,V01T1623108,64,27,1411,556,26.9,35,47,75
2024-05-03 13:38,V01T1623105,49,22,609,131,23.9,32,35,91
2024-05-03 13:38,V01T1623102,59,25,1168,131,26.6,32,41,80
2024-04-23 11:36,V01T1623100,53,23,527,125,24.7,39,42,92
2024-05-03 13:38,ICW0W2000512,39,15,896,977,24.2,36,66,76
2024-05-03 13:38,ICW0W2000507,7,4,872,551,26.0,36,50,88
2024-05-03 13:38,ICW0W2000505,28,11,455,85,23.5,33,60,96
2024-05-03 13:38,ICW0W2000503,58,21,433,0,23.1,32,51,93
2024-05-03 13:38,ICW0W2000501,32,12,448,14,22.8,33,61,96
2024-05-03 13:38,ICW0W2000500,27,15,2500,373,28.7,30,61,66
2024-05-03 13:38,ICW0W2000459,34,12,837,33,24.6,33,59,90
2024-05-03 13:38,ICW0W2000455,56,21,80,158,22.4,32,70,93
2024-05-03 13:36,ICW0W2000447,41,11,859,162,22.6,39,56,96
2024-05-03 13:38,ICW0W2000398,61,21,455,54,25.7,29,59,90
2024-03-31 18:00,ICW0W2000388,4,1,418,150,18.2,34,47,99
2024-03-21 16:09,ICW0W2000382,16,5,500,0,23.3,20,63,98
2024-01-15 14:01,ICW0W2000381,8,2,2500,123,26.0,15,53,72
2024-05-03 13:38,ICW0W2000380,58,21,367,56,21.9,35,56,97
2024-03-13 08:57,ICW0W2000373,68,18,521,107,15.3,34,69,84
2024-05-03 13:38,ICW0W2000287,13,4,862,52,23.7,36,55,100
2023-12-01 13:35,ICW0W2000285,23,4,921,1027,14.7,22,61,70
2024-05-03 13:38,ICW0W2000275,6,2,963,548,24.8,40,50,91
2024-02-27 11:02,ICW0W2000263,15,3,430,42,20.9,24,65,99
2024-05-03 13:38,ICW0W2000262,36,11,595,42,19.7,42,71,100
2024-05-03 13:38,ICW0W2000248,12,3,1873,73,23.0,35,64,84
2024-05-03 13:37,ICW0W2100481,32,11,810,1916,24.3,38,59,75
2024-03-14 09:08,ICW0W2100587,55,20,392,6000,24.8,23,69,62
2024-05-03 13:37,ICW0W2100582,50,17,637,317,25.2,30,60,86
2024-05-03 13:37,ICW0W2100579,16,6,0,175,28.3,23,68,92
2024-05-03 13:41,ICW0W2100562,38,20,615,901,28.2,23,59,70
2024-05-03 13:37,ICW0W2100560,20,7,715,6000,24.0,32,57,66
2024-05-03 15:10,ICW0W2100481,37,14,1205,1482,24.4,37,75,74
2024-03-14 09:08,ICW0W2100587,55,20,392,6000,24.8,23,69,62
2024-05-03 15:10,ICW0W2100582,48,18,536,71,26.0,27,66,90
2024-05-03 15:10,ICW0W2100579,14,5,0,207,28.8,22,60,91
2024-05-03 15:14,ICW0W2100562,38,21,673,808,29.0,22,58,72
2024-05-03 15:10,ICW0W2100560,17,6,887,6000,24.4,33,57,63
2024-05-03 15:10,ICW0W2100549,28,11,848,143,25.2,29,73,90
2024-05-03 15:10,ICW0W2100509,18,6,564,6000,24.8,35,71,68
2024-05-03 15:10,ICW0W2100506,56,22,92,16,34.1,14,60,82
2024-05-03 12:55,ICW0W2100499,39,14,878,3614,24.6,33,77,66
2024-03-19 13:26,ICW0W2100498,36,13,1781,645,24.5,41,86,77
2024-04-30 13:06,ICW0W2100497,45,17,639,36,25.2,34,63,90
2024-05-03 15:17,ICW0W2100491,10,6,1296,60000,29.1,32,68,53
2024-04-30 11:47,ICW0W2100489,17,7,227,19,23.6,42,73,100
2024-04-29 13:56,ICW0W2100488,17,6,514,74,23.6,27,70,97
2024-04-29 17:13,ICW0W2100485,142,39,707,0,25.5,37,68,80
2024-05-03 15:10,ICW0W2100479,34,12,834,67,25.4,26,66,90
2024-05-03 15:10,ICW0W2100467,35,12,,6000,26.4,24,72,56
2024-02-17 23:27,ICW0W2100466,24,9,516,366,19.9,31,55,92
2024-03-18 14:19,ICW0W2100463,33,10,791,935,22.7,21,71,77
2024-05-03 15:10,ICW0W2100462,65,23,82,181,26.0,26,77,89
2024-05-03 15:10,ICW0W2100460,17,5,1447,0,23.4,38,75,86
2024-02-27 19:25,ICW0W2100459,83,34,514,44,19.9,26,66,88
2024-02-28 10:22,ICW0W2100457,12,4,1423,123,18.1,35,67,86
2024-05-03 15:10,ICW0W2100455,29,10,1191,5997,26.0,33,73,64
2024-05-03 15:10,ICW0W2001000,17,11,147,51,23.7,34,57,98
2024-05-03 15:10,ICW0W2000996,30,28,596,238,23.6,33,53,90
2024-05-03 08:20,ICW0W2000991,21,14,453,72,21.4,36,65,100
2024-02-20 14:27,ICW0W2000990,3,2,1052,6645,21.0,34,63,71
2024-05-03 15:10,ICW0W2000987,8,5,,664,24.4,35,57,86
2024-05-03 15:10,ICW0W2000983,5,4,2,880,22.1,33,58,84
2024-05-03 15:10,ICW0W2000978,45,27,303,46,23.1,27,43,93
2024-05-03 15:10,ICW0W2000977,48,28,445,113,26.9,27,72,89
2024-05-03 15:10,ICW0W2000974,28,17,2125,496,22.0,42,68,82
2024-05-03 15:10,ICW0W2000973,5,4,901,585,23.3,36,59,91
2024-05-03 15:10,ICW0W2000972,5000,3500,1143,2643,23.0,33,55,31
2024-05-03 15:10,ICW0W2000968,43,26,494,39,29.9,20,59,86
2024-05-03 15:10,ICW0W2000964,45,28,1002,665,25.3,29,74,77
2024-05-03 15:10,ICW0W2000956,17,10,1175,1638,21.5,48,54,82
2024-05-03 15:10,ICW0W2000955,40,26,598,104,21.8,32,63,91
2024-04-30 19:50,ICW0W2000951,27,8,590,2083,26.3,42,54,79
2024-04-03 16:18,ICW0W2000944,4,2,1156,4964,23.3,44,83,79
2024-05-03 15:10,ICW0W2000933,23,7,1100,891,24.6,36,65,80
2024-05-03 15:10,ICW0W2000926,3,1,156,240,28.6,30,52,92
2024-05-03 15:10,ICW0W2000924,24,8,735,30,25.9,29,68,93
2024-05-03 15:10,ICW0W2000922,19,6,675,91,26.2,36,62,97
2024-05-03 15:10,V01T1623130,7,3,816,278,24.5,34,43,91
2024-05-03 15:10,V01T1623129,38,17,567,216,28.1,23,41,84
2024-05-03 15:10,V01T1623123,31,14,545,194,27.2,28,30,86
2024-03-13 15:23,V01T1623121,55,24,426,132,18.0,22,43,92
2024-05-03 15:09,V01T1623118,13,6,565,243,25.1,27,35,92
2024-03-29 08:06,V01T1623117,177,49,522,133,19.8,26,46,74
2024-05-03 15:10,V01T1623116,39,18,2500,556,26.4,25,32,70
2024-05-03 15:10,V01T1623113,65,27,1373,170,27.0,35,30,79
2024-05-03 15:10,V01T1623112,68,28,492,369,27.2,22,46,80
2024-05-03 15:10,V01T1623109,24,11,2224,143,18.6,50,41,83
2024-05-03 15:10,V01T1623108,66,27,1674,588,27.1,31,49,65
2024-05-03 15:10,V01T1623105,50,22,681,176,24.6,31,33,87
2024-05-03 15:10,V01T1623102,65,27,847,349,27.6,21,36,79
2024-04-23 11:36,V01T1623100,53,23,527,125,24.7,39,42,92
2024-05-03 15:10,ICW0W2000512,32,13,858,6000,24.5,35,67,65
2024-05-03 15:10,ICW0W2000507,5,3,957,893,26.1,36,54,82
2024-05-03 15:10,ICW0W2000505,47,18,385,8,24.0,28,58,95
2024-05-03 15:10,ICW0W2000503,38,14,524,122,24.1,34,49,90
2024-05-03 15:10,ICW0W2000501,38,14,579,19,24.0,31,72,94
2024-05-03 15:10,ICW0W2000500,24,13,2500,1996,29.2,30,64,59
2024-05-03 15:10,ICW0W2000459,32,11,1011,33,24.8,34,61,87
2024-05-03 15:10,ICW0W2000455,42,15,187,211,23.3,32,69,93
2024-05-03 15:10,ICW0W2000447,14,4,1598,466,23.4,41,60,86
2024-05-03 15:10,ICW0W2000398,48,17,344,56,26.4,25,59,91
2024-03-31 18:00,ICW0W2000388,4,1,418,150,18.2,34,47,99
2024-03-21 16:09,ICW0W2000382,16,5,500,0,23.3,20,63,98
2024-01-15 14:01,ICW0W2000381,8,2,2500,123,26.0,15,53,72
2024-05-03 15:10,ICW0W2000380,62,22,389,18,24.1,29,55,90
2024-03-13 08:57,ICW0W2000373,68,18,521,107,15.3,34,69,84
2024-05-03 15:10,ICW0W2000287,15,5,1129,71,23.9,37,54,93
2023-12-01 13:35,ICW0W2000285,23,4,921,1027,14.7,22,61,70
2024-05-03 15:10,ICW0W2000275,7,2,932,441,25.8,38,50,90
2024-02-27 11:02,ICW0W2000263,15,3,430,42,20.9,24,65,99
2024-05-03 15:10,ICW0W2000262,30,9,684,51,19.8,43,57,100
2024-05-03 15:10,ICW0W2000248,7,2,1985,109,24.3,33,62,77
2024-05-03 15:09,ICW0W2100481,42,16,978,792,24.4,37,75,79
2024-03-14 09:08,ICW0W2100587,55,20,392,6000,24.8,23,69,62
2024-05-03 15:09,ICW0W2100582,49,18,541,66,26.0,27,63,90
2024-05-03 15:09,ICW0W2100579,12,5,0,211,28.8,22,59,91
2024-05-03 15:13,ICW0W2100562,35,19,678,667,28.9,22,59,75
2024-05-03 15:09,ICW0W2100560,15,5,889,6000,24.4,33,57,63
2024-04-29 13:56,ICW0W2100488,17,6,514,74,23.6,27,70,97
2024-05-03 16:10,ICW0W2100506,50,19,274,15,21.5,34,66,95
2024-03-14 09:08,ICW0W2100587,55,20,392,6000,24.8,23,69,62
2024-05-03 16:10,ICW0W2100582,45,17,554,59,26.5,26,67,90
2024-05-03 16:10,ICW0W2100579,9,3,0,252,29.5,22,63,91
2024-05-03 16:14,ICW0W2100562,36,19,707,995,29.5,21,65,68
2024-05-03 16:10,ICW0W2100560,18,7,889,6000,24.8,35,57,67
2024-05-03 16:10,ICW0W2100549,14,5,1338,173,25.4,32,75,80
2024-05-03 16:10,ICW0W2100509,36,13,440,4833,25.1,31,78,65
2024-05-03 12:55,ICW0W2100499,39,14,878,3614,24.6,33,77,66
2024-03-19 13:26,ICW0W2100498,36,13,1781,645,24.5,41,86,77
2024-04-30 13:06,ICW0W2100497,45,17,639,36,25.2,34,63,90
2024-05-03 16:17,ICW0W2100491,36,19,547,57589,28.1,21,66,49
2024-04-29 17:13,ICW0W2100485,142,39,707,0,25.5,37,68,80
2024-05-03 16:10,ICW0W2100481,45,17,961,3383,24.8,36,66,70
2024-05-03 16:10,ICW0W2100479,38,13,536,41,25.8,24,76,91
2024-04-30 11:47,ICW0W2100489,17,7,227,19,23.6,42,73,100
2024-05-03 16:10,ICW0W2100467,38,13,,6000,26.7,24,72,56
2024-02-17 23:27,ICW0W2100466,24,9,516,366,19.9,31,55,92
2024-03-18 14:19,ICW0W2100463,33,10,791,935,22.7,21,71,77
2024-05-03 16:10,ICW0W2100462,57,20,36,6000,26.2,26,79,63
2024-05-03 16:10,ICW0W2100460,40,13,493,0,23.7,30,69,95
2024-02-27 19:25,ICW0W2100459,83,34,514,44,19.9,26,66,88
2024-02-28 10:22,ICW0W2100457,12,4,1423,123,18.1,35,67,86
2024-05-03 16:10,ICW0W2100455,37,13,560,1111,25.7,28,72,73
2024-05-03 16:10,ICW0W2000512,45,17,780,468,22.9,36,70,89
2024-05-03 16:10,ICW0W2001000,18,11,86,53,23.2,34,57,99
2024-02-27 11:02,ICW0W2000263,15,3,430,42,20.9,24,65,99
2024-04-30 19:50,ICW0W2000951,27,8,590,2083,26.3,42,54,79
2024-05-03 16:10,ICW0W2000956,20,12,1212,970,21.8,46,60,83
2024-05-03 16:10,ICW0W2000996,42,39,572,92,23.9,32,64,88
2024-05-03 08:20,ICW0W2000991,21,14,453,72,21.4,36,65,100
2024-02-20 14:27,ICW0W2000990,3,2,1052,6645,21.0,34,63,71
2024-05-03 16:10,ICW0W2000983,20,13,150,103,22.6,30,68,97
2024-05-03 16:10,ICW0W2000955,44,28,589,341,22.0,32,63,88
2024-05-03 16:10,ICW0W2000987,11,6,,765,24.6,36,58,83
2024-05-03 16:10,ICW0W2000978,41,26,300,53,23.8,26,50,94
2024-05-03 16:10,ICW0W2000922,33,10,638,5380,26.9,33,83,64
2024-05-03 16:10,ICW0W2000926,3,1,152,336,28.6,31,51,91
2024-05-03 16:10,ICW0W2000977,42,27,563,282,27.0,27,72,86
2024-05-03 16:10,ICW0W2000933,41,13,693,91,25.5,30,54,90
2024-03-13 08:57,ICW0W2000373,68,18,521,107,15.3,34,69,84
2024-05-03 16:10,ICW0W2000973,24,14,714,422,23.5,33,60,88
2024-05-03 16:10,ICW0W2000972,5000,3500,907,112,22.9,30,70,38
2024-05-03 16:10,ICW0W2000968,37,22,505,301,30.5,20,65,80
2024-04-03 16:18,ICW0W2000944,4,2,1156,4964,23.3,44,83,79
2024-05-03 16:10,ICW0W2000964,52,31,804,5775,24.8,30,73,59
2024-05-03 16:10,ICW0W2000924,26,9,749,36,26.1,29,74,92
2024-05-03 16:10,ICW0W2000505,25,9,639,89,24.3,31,70,92
2024-04-23 11:36,V01T1623100,53,23,527,125,24.7,39,42,92
2024-05-03 16:10,V01T1623130,9,4,700,136,24.6,32,41,93
2024-05-03 16:10,V01T1623129,41,18,569,180,28.4,23,38,85
2024-05-03 16:10,V01T1623123,20,9,525,179,27.3,27,36,88
2024-03-13 15:23,V01T1623121,55,24,426,132,18.0,22,43,92
2024-05-03 16:09,V01T1623118,13,6,544,259,25.4,27,35,92
2024-03-29 08:06,V01T1623117,177,49,522,133,19.8,26,46,74
2024-05-03 16:10,V01T1623116,23,11,2500,645,26.1,26,38,70
2024-05-03 16:10,V01T1623113,46,20,1141,131,27.1,32,30,78
2024-05-03 16:10,V01T1623112,46,21,425,501,27.3,22,41,79
2024-05-03 16:10,V01T1623109,1,1,2362,139,19.0,49,42,86
2024-05-03 16:10,V01T1623108,60,25,1137,415,27.3,28,30,75
2024-05-03 16:10,V01T1623105,36,17,793,223,25.0,32,36,87
2024-05-03 16:10,V01T1623102,76,31,679,193,28.0,18,42,78
2024-05-03 16:10,ICW0W2000503,28,10,570,233,24.5,35,50,94
2024-05-03 16:10,ICW0W2000455,54,20,84,121,23.4,30,67,94
2024-05-03 16:09,ICW0W2000447,13,3,2343,674,24.2,44,79,79
2024-05-03 16:10,ICW0W2000459,36,13,886,24,24.7,34,66,90
2024-05-03 16:10,ICW0W2000507,6,3,1013,1106,26.0,37,53,81
2024-05-03 16:10,ICW0W2000501,33,13,678,73,23.3,34,77,94
2024-05-03 16:10,ICW0W2000500,31,17,2500,378,29.4,30,62,65
2024-05-03 16:10,ICW0W2000380,32,11,853,4086,24.8,33,65,66
2024-05-03 16:10,ICW0W2000275,19,5,853,250,26.3,35,50,94
2024-03-31 18:00,ICW0W2000388,4,1,418,150,18.2,34,47,99
2024-01-15 14:01,ICW0W2000381,8,2,2500,123,26.0,15,53,72
2024-03-21 16:09,ICW0W2000382,16,5,500,0,23.3,20,63,98
2023-12-01 13:35,ICW0W2000285,23,4,921,1027,14.7,22,61,70
2024-05-03 16:10,ICW0W2000287,15,5,1314,92,24.0,38,55,89
2024-05-03 16:10,ICW0W2000398,48,17,342,43,27.1,24,69,87
2024-05-03 16:10,ICW0W2000974,46,28,875,6000,22.6,35,64,66
2024-05-03 16:10,ICW0W2000248,7,2,2397,109,24.8,33,65,76
2024-05-03 16:10,ICW0W2000262,32,10,698,48,19.5,46,62,100
2024-04-29 13:56,ICW0W2100488,17,6,514,74,23.6,27,70,97
2024-05-03 16:09,ICW0W2100506,50,19,309,15,22.0,28,66,95
2024-03-14 09:08,ICW0W2100587,55,20,392,6000,24.8,23,69,62
2024-05-03 16:09,ICW0W2100582,47,17,547,55,26.5,26,67,90
2024-05-03 16:09,ICW0W2100579,8,2,0,251,29.5,22,64,92
2024-05-03 16:13,ICW0W2100562,36,19,714,994,29.5,21,64,68
2024-04-29 13:56,ICW0W2100488,17,6,514,74,23.6,27,70,97
2024-05-03 17:10,ICW0W2100506,43,16,31,7,21.6,28,66,97
2024-03-14 09:08,ICW0W2100587,55,20,392,6000,24.8,23,69,62
2024-05-03 17:10,ICW0W2100582,60,21,440,49,26.8,24,72,90
2024-05-03 17:10,ICW0W2100579,18,7,0,131,29.9,19,60,89
2024-05-03 17:14,ICW0W2100562,39,21,695,2484,30.0,21,60,64
2024-05-03 17:10,ICW0W2100560,12,4,990,6000,25.0,36,59,67
2024-05-03 17:10,ICW0W2100549,47,18,862,60,24.9,27,74,88
2024-05-03 17:10,ICW0W2100509,20,7,371,4644,25.3,35,60,72
2024-05-03 12:55,ICW0W2100499,39,14,878,3614,24.6,33,77,66
2024-03-19 13:26,ICW0W2100498,36,13,1781,645,24.5,41,86,77
2024-04-30 13:06,ICW0W2100497,45,17,639,36,25.2,34,63,90
2024-05-03 17:17,ICW0W2100491,27,15,569,4944,27.5,22,63,61
2024-04-29 17:13,ICW0W2100485,142,39,707,0,25.5,37,68,80
2024-05-03 17:10,ICW0W2100481,45,17,831,508,24.9,35,73,85
2024-05-03 17:10,ICW0W2100479,39,13,460,86,25.5,25,61,91
2024-04-30 11:47,ICW0W2100489,17,7,227,19,23.6,42,73,100
2024-05-03 17:10,ICW0W2100467,30,11,,6000,27.1,33,70,53
2024-02-17 23:27,ICW0W2100466,24,9,516,366,19.9,31,55,92
2024-03-18 14:19,ICW0W2100463,33,10,791,935,22.7,21,71,77
2024-05-03 17:10,ICW0W2100462,56,20,81,1143,26.7,25,57,73
2024-05-03 17:10,ICW0W2100460,16,5,692,0,23.6,37,67,100
2024-02-27 19:25,ICW0W2100459,83,34,514,44,19.9,26,66,88
2024-02-28 10:22,ICW0W2100457,12,4,1423,123,18.1,35,67,86
2024-05-03 17:10,ICW0W2100455,22,7,1226,6000,25.6,37,69,68
2024-05-03 17:10,ICW0W2000512,41,15,653,284,25.9,31,63,87
2024-05-03 17:10,ICW0W2001000,15,10,90,49,23.0,35,54,100
2024-02-27 11:02,ICW0W2000263,15,3,430,42,20.9,24,65,99
2024-04-30 19:50,ICW0W2000951,27,8,590,2083,26.3,42,54,79
2024-05-03 17:10,ICW0W2000956,24,13,1099,6000,22.1,46,62,75
2024-05-03 17:10,ICW0W2000996,38,36,527,116,23.9,32,61,89
2024-05-03 08:20,ICW0W2000991,21,14,453,72,21.4,36,65,100
2024-02-20 14:27,ICW0W2000990,3,2,1052,6645,21.0,34,63,71
2024-05-03 17:10,ICW0W2000983,17,11,126,129,22.2,32,56,98
2024-05-03 17:10,ICW0W2000955,26,17,854,325,23.0,34,54,89
2024-05-03 17:10,ICW0W2000987,13,8,,6000,25.1,37,62,63
2024-05-03 17:10,ICW0W2000978,52,31,345,44,23.5,26,52,92
2024-05-03 17:10,ICW0W2000922,32,10,528,534,26.8,31,65,83
2024-05-03 17:10,ICW0W2000926,3,1,137,411,28.7,31,52,87
2024-05-03 17:10,ICW0W2000977,33,21,613,6000,27.0,29,57,61
2024-05-03 17:10,ICW0W2000933,41,13,469,70,25.1,30,61,91
2024-03-13 08:57,ICW0W2000373,68,18,521,107,15.3,34,69,84
2024-05-03 17:10,ICW0W2000973,14,10,549,423,23.3,33,50,90
2024-05-03 17:10,ICW0W2000972,5000,3500,1052,73,24.0,30,78,35
2024-05-03 17:10,ICW0W2000968,22,13,808,342,31.0,23,70,81
2024-04-03 16:18,ICW0W2000944,4,2,1156,4964,23.3,44,83,79
2024-05-03 17:10,ICW0W2000964,51,30,692,300,24.3,31,58,84
2024-05-03 17:10,ICW0W2000924,29,9,527,23,26.5,27,69,93
2024-05-03 17:10,ICW0W2000505,31,12,653,70,24.9,31,63,91
2024-04-23 11:36,V01T1623100,53,23,527,125,24.7,39,42,92
2024-05-03 16:45,V01T1623130,44,20,452,126,25.1,23,34,90
2024-05-03 17:10,V01T1623129,37,17,565,288,28.6,24,44,83
2024-05-03 17:10,V01T1623123,39,18,521,196,27.2,27,30,85
2024-03-13 15:23,V01T1623121,55,24,426,132,18.0,22,43,92
2024-05-03 17:09,V01T1623118,23,11,494,228,25.1,29,30,91
2024-03-29 08:06,V01T1623117,177,49,522,133,19.8,26,46,74
2024-05-03 17:10,V01T1623116,41,19,2500,464,26.2,25,35,71
2024-05-03 17:10,V01T1623113,35,16,1011,135,27.1,33,30,81
2024-05-03 17:10,V01T1623112,43,19,609,986,27.3,25,33,69
2024-05-03 17:10,V01T1623109,18,9,2428,135,19.0,48,40,84
2024-05-03 17:10,V01T1623108,38,17,1125,542,26.8,32,30,78
2024-05-03 17:10,V01T1623105,40,18,1036,453,25.3,35,33,85
2024-05-03 17:10,V01T1623102,52,23,664,271,28.0,18,44,79
2024-05-03 17:10,ICW0W2000503,36,13,576,137,25.1,33,55,90
2024-05-03 17:10,ICW0W2000455,47,17,145,105,24.3,31,67,92
2024-05-03 17:09,ICW0W2000447,58,19,886,7,24.6,34,62,88
2024-05-03 17:10,ICW0W2000459,29,10,938,43,24.2,34,64,91
2024-05-03 17:10,ICW0W2000507,6,3,1022,1180,26.1,37,50,81
2024-05-03 17:10,ICW0W2000501,33,13,639,39,24.5,32,61,91
2024-05-03 17:10,ICW0W2000500,30,16,2500,2,29.3,29,62,69
2024-05-03 17:10,ICW0W2000380,50,17,645,91,24.5,33,57,89
2024-05-03 17:10,ICW0W2000275,9,2,862,980,26.8,36,49,80
2024-03-31 18:00,ICW0W2000388,4,1,418,150,18.2,34,47,99
2024-01-15 14:01,ICW0W2000381,8,2,2500,123,26.0,15,53,72
2024-03-21 16:09,ICW0W2000382,16,5,500,0,23.3,20,63,98
2023-12-01 13:35,ICW0W2000285,23,4,921,1027,14.7,22,61,70
2024-05-03 17:10,ICW0W2000287,15,5,1365,95,24.8,36,52,85
2024-05-03 17:10,ICW0W2000398,47,17,361,41,27.7,24,65,87
2024-05-03 17:10,ICW0W2000974,33,20,882,358,22.3,36,57,92
2024-05-03 17:10,ICW0W2000248,10,2,2847,121,24.9,33,65,74
2024-05-03 17:10,ICW0W2000262,34,11,636,40,19.9,43,62,100
2024-04-29 13:56,ICW0W2100488,17,6,514,74,23.6,27,70,97
2024-05-03 17:09,ICW0W2100506,44,17,30,7,21.3,29,67,97
2024-03-14 09:08,ICW0W2100587,55,20,392,6000,24.8,23,69,62
2024-05-03 17:09,ICW0W2100582,59,21,441,36,26.7,24,67,90
2024-05-03 17:09,ICW0W2100579,19,7,0,133,30.0,19,59,89
2024-05-03 17:13,ICW0W2100562,42,22,704,2608,30.0,21,60,64
